experiment	label	condition	mode	lab	tissue	genotype	other	PMID	group	family	ip_type	strand_specific	moeity	bisulfite_seq	file_type	experiment_original	control_original	study	name	paired_end	read_length	control	eff_genome_size	genome	prediction	discarded	numPeaks
SRX2675003	POS	D210N	R-ChIP	Xiang-Dong Fu	HEK293	D210N	NT	29104020	rl	R-ChIP	dRNH	TRUE	DNA	FALSE	public	GSM2550993	GSM2550995	SRP102520	GSM2550993: HKE293-D210N-V5ChIP-Rep1; Homo sapiens; OTHER	FALSE	36	SRX2675004	2564553930	hg38	POS	FALSE	10331
SRX2675011	POS	delta-HC	R-ChIP	Xiang-Dong Fu	HEK293	delta-HC	NT	29104020	rl	R-ChIP	dRNH	TRUE	DNA	FALSE	public	GSM2551006	NA	SRP102520	GSM2551006: HKE293-ΔHC-V5ChIP; Homo sapiens; OTHER	FALSE	36	NA	2564553930	hg38	POS	FALSE	38878
SRX2675012	POS	D210N	R-ChIP	Xiang-Dong Fu	K562	D210N	NT	29104020	rl	R-ChIP	dRNH	TRUE	DNA	FALSE	public	GSM2551007	GSM2551009	SRP102520	GSM2551007: K562-D210N-V5ChIP-Rep1; Homo sapiens; OTHER	FALSE	36	SRX2675015	2564553930	hg38	POS	FALSE	5717
SRX2675016	POS	D210N	R-ChIP	Xiang-Dong Fu	HEK293	D210N	NT	29104020	rl	R-ChIP	dRNH	TRUE	DNA	FALSE	public	GSM2551010	NA	SRP102520	GSM2551010: HKE293-DRB(-)-V5ChIP-Rep1; Homo sapiens; OTHER	FALSE	36	NA	2564553930	hg38	POS	FALSE	6326
SRX2675017	POS	D210N	R-ChIP	Xiang-Dong Fu	HEK293	D210N	NT	29104020	rl	R-ChIP	dRNH	TRUE	DNA	FALSE	public	GSM2551011	NA	SRP102520	GSM2551011: HKE293-DRB(-)-V5ChIP-Rep2; Homo sapiens; OTHER	FALSE	36	NA	2564553930	hg38	POS	FALSE	5863
SRX2675018	POS	D210N	R-ChIP	Xiang-Dong Fu	HEK293	D210N	DRB	29104020	rl	R-ChIP	dRNH	TRUE	DNA	FALSE	public	GSM2551012	NA	SRP102520	GSM2551012: HKE293-DRB(+)-V5ChIP-Rep1; Homo sapiens; OTHER	FALSE	36	NA	2564553930	hg38	POS	FALSE	17855
SRX2675019	POS	D210N	R-ChIP	Xiang-Dong Fu	HEK293	D210N	DRB	29104020	rl	R-ChIP	dRNH	TRUE	DNA	FALSE	public	GSM2551013	NA	SRP102520	GSM2551013: HKE293-DRB(+)-V5ChIP-Rep2; Homo sapiens; OTHER	FALSE	36	NA	2564553930	hg38	POS	FALSE	15378
SRX2675020	POS	D210N	R-ChIP	Xiang-Dong Fu	HEK293	D210N	post-DRB	29104020	rl	R-ChIP	dRNH	TRUE	DNA	FALSE	public	GSM2551014	NA	SRP102520	GSM2551014: HKE293-Post-DRB-V5ChIP-Rep1; Homo sapiens; OTHER	FALSE	36	NA	2564553930	hg38	POS	FALSE	11726
SRX2675021	POS	D210N	R-ChIP	Xiang-Dong Fu	HEK293	D210N	post-DRB	29104020	rl	R-ChIP	dRNH	TRUE	DNA	FALSE	public	GSM2551015	NA	SRP102520	GSM2551015: HKE293-Post-DRB-V5ChIP-Rep2; Homo sapiens; OTHER	FALSE	36	NA	2564553930	hg38	POS	FALSE	6031
SRX255721	POS	S96	DRIP	Fred Chedin	NT2	WT	NT	26182405	rl	DRIP	S9.6	FALSE	DNA	FALSE	public	GSM1108096	GSM1108095	SRP020088	GSM1108096: NT2 DRIP-seq 1; Homo sapiens; OTHER	FALSE	36	SRX255720	2564553930	hg38	POS	FALSE	8621
SRX255723	POS	S96	DRIP	Fred Chedin	NT2	WT	NT	26182405	rl	DRIP	S9.6	FALSE	DNA	FALSE	public	GSM1108098	GSM1108097	SRP020088	GSM1108098: NT2 DRIP-seq 2 rep 1; Homo sapiens; OTHER	FALSE	36	SRX255722	2564553930	hg38	POS	FALSE	7932
SRX255724	POS	S96	DRIP	Fred Chedin	NT2	WT	NT	26182405	rl	DRIP	S9.6	FALSE	DNA	FALSE	public	GSM1108099	GSM1108097	SRP020088	GSM1108099: NT2 DRIP-seq 2 rep 2; Homo sapiens; OTHER	FALSE	36	SRX255722	2564553930	hg38	POS	FALSE	5099
SRX2683594	POS	D210N	R-ChIP	Xiang-Dong Fu	HEK293	D210N	U2AF-35Q157P-DOX	29395063	rl	R-ChIP	dRNH	TRUE	DNA	FALSE	public	GSM2559392	GSM2559394	SRP102697	GSM2559392: chipseq.U2AF35Q157P5h_V5_rep1; Homo sapiens; ChIP-Seq	FALSE	36	SRX2683596	2564553930	hg38	POS	FALSE	5071
SRX2683595	POS	D210N	R-ChIP	Xiang-Dong Fu	HEK293	D210N	U2AF-35Q157P-DOX	29395063	rl	R-ChIP	dRNH	TRUE	DNA	FALSE	public	GSM2559393	GSM2559394	SRP102697	GSM2559393: chipseq.U2AF35Q157P5h_V5_rep2; Homo sapiens; ChIP-Seq	FALSE	36	SRX2683596	2564553930	hg38	POS	FALSE	6893
SRX2683601	POS	D210N	R-ChIP	Xiang-Dong Fu	HEK293	D210N	U2AF-WT-DOX	29395063	rl	R-ChIP	dRNH	TRUE	DNA	FALSE	public	GSM2559399	GSM2559401	SRP102697	GSM2559399: chipseq.U2AF35WT5h_V5_rep1; Homo sapiens; ChIP-Seq	FALSE	36	SRX2683603	2564553930	hg38	POS	FALSE	8381
SRX2683602	POS	D210N	R-ChIP	Xiang-Dong Fu	HEK293	D210N	U2AF-WT-DOX	29395063	rl	R-ChIP	dRNH	TRUE	DNA	FALSE	public	GSM2559400	GSM2559401	SRP102697	GSM2559400: chipseq.U2AF35WT5h_V5_rep2; Homo sapiens; ChIP-Seq	FALSE	36	SRX2683603	2564553930	hg38	POS	FALSE	8164
SRX2683604	POS	D210N	R-ChIP	Xiang-Dong Fu	HEK293	D210N	U2AF-WT-CTR	29395063	rl	R-ChIP	dRNH	TRUE	DNA	FALSE	public	GSM2559402	GSM2559401	SRP102697	GSM2559402: chipseq.U2AF35WTCtr_V5_rep1; Homo sapiens; ChIP-Seq	FALSE	36	SRX2683603	2564553930	hg38	POS	FALSE	8039
SRX2683605	POS	D210N	R-ChIP	Xiang-Dong Fu	HEK293	D210N	U2AF-WT-CTR	29395063	rl	R-ChIP	dRNH	TRUE	DNA	FALSE	public	GSM2559403	GSM2559401	SRP102697	GSM2559403: chipseq.U2AF35WTCtr_V5_rep2; Homo sapiens; ChIP-Seq	FALSE	36	SRX2683603	2564553930	hg38	POS	FALSE	8477
SRX2683608	POS	D210N	R-ChIP	Xiang-Dong Fu	HEK293	D210N	U2AF-35S34F-DOX	29395063	rl	R-ChIP	dRNH	TRUE	DNA	FALSE	public	GSM2559406	GSM2559410	SRP102697	GSM2559406: chipseq.U2AF35S34F5h_V5_rep1; Homo sapiens; ChIP-Seq	FALSE	36	SRX2683612	2564553930	hg38	POS	FALSE	6489
SRX1070676	POS	S96	DRIPc	Fred Chedin	NT2	WT	NT	27373332	rl	DRIP	S9.6	TRUE	RNA	FALSE	public	GSM1720613	NA	SRP059800	GSM1720613: NT2 DRIPc-seq, rep 1; Homo sapiens; OTHER	FALSE	50	NA	2706186140	hg38	POS	FALSE	34092
SRX1070677	POS	S96	DRIPc	Fred Chedin	NT2	WT	NT	27373332	rl	DRIP	S9.6	TRUE	RNA	FALSE	public	GSM1720614	NA	SRP059800	GSM1720614: NT2 DRIPc-seq, rep 2; Homo sapiens; OTHER	FALSE	50	NA	2706186140	hg38	POS	FALSE	22117
SRX1070678	POS	S96	DRIP	Fred Chedin	NT2	WT	NT	27373332	rl	DRIP	S9.6	FALSE	DNA	FALSE	public	GSM1720615	NA	SRP059800	GSM1720615: NT2 DRIP-seq, 1; Homo sapiens; OTHER	FALSE	50	NA	2706186140	hg38	POS	FALSE	73924
SRX1070679	POS	S96	DRIP	Fred Chedin	NT2	WT	NT	27373332	rl	DRIP	S9.6	FALSE	DNA	FALSE	public	GSM1720616	NA	SRP059800	GSM1720616: NT2 DRIP-seq, 2; Homo sapiens; OTHER	FALSE	50	NA	2706186140	hg38	POS	FALSE	54386
SRX1798983	POS	S96	DRIP	Karlene Cimprich	MCF7	WT	Veh-24hr	27552054	rl	DRIP	S9.6	FALSE	DNA	FALSE	public	GSM2176714	GSM2176715	SRP075676	GSM2176714: Mock S 9.6 DRIP Seq; Homo sapiens; OTHER	FALSE	50	SRX1798984	2706186140	hg38	POS	FALSE	16734
SRX1798986	POS	S96	DRIP	Karlene Cimprich	MCF7	WT	E2-2hr	27552054	rl	DRIP	S9.6	FALSE	DNA	FALSE	public	GSM2176717	GSM2176718	SRP075676	GSM2176717: 2hr S 9.6 DRIP Seq; Homo sapiens; OTHER	FALSE	50	SRX1798987	2706186140	hg38	POS	FALSE	42070
SRX1798988	POS	S96	DRIP	Karlene Cimprich	MCF7	WT	E2-24hr	27552054	rl	DRIP	S9.6	FALSE	DNA	FALSE	public	GSM2176719	GSM2176721	SRP075676	GSM2176719: 24hr S 9.6 DRIP Seq; Homo sapiens; OTHER	FALSE	50	SRX1798990	2706186140	hg38	POS	FALSE	14939
SRX3084730	POS	S96	DRIP	Fred Chedin	HEK293	WT	NT	30060749	rl	DRIP	S9.6	FALSE	DNA	FALSE	public	GSM2738369	NA	SRP115184	GSM2738369: Control DRIP-seq; Homo sapiens; OTHER	FALSE	50	NA	2706186140	hg38	POS	FALSE	51889
SRX3084731	POS	S96	DRIP	Fred Chedin	HEK293	WT	siCTR	30060749	rl	DRIP	S9.6	FALSE	DNA	FALSE	public	GSM2738370	NA	SRP115184	GSM2738370: Scramble DRIP-seq; Homo sapiens; OTHER	FALSE	50	NA	2706186140	hg38	POS	FALSE	68081
SRX3084732	POS	S96	DRIP	Fred Chedin	HEK293	WT	siTOP1	30060749	rl	DRIP	S9.6	FALSE	DNA	FALSE	public	GSM2738371	NA	SRP115184	GSM2738371: Top1 KD rep 1 DRIP-seq; Homo sapiens; OTHER	FALSE	50	NA	2706186140	hg38	POS	FALSE	58970
SRX3084733	POS	S96	DRIP	Fred Chedin	HEK293	WT	siTOP1	30060749	rl	DRIP	S9.6	FALSE	DNA	FALSE	public	GSM2738372	NA	SRP115184	GSM2738372: Top1 KD rep 2 DRIP-seq; Homo sapiens; OTHER	FALSE	50	NA	2706186140	hg38	POS	FALSE	44008
SRX1025890	POS	S96	DRIP	Alex Bishop	TC32	WT	DMSO	29513652	rl	DRIP	S9.6	FALSE	DNA	FALSE	public	GSM1683483	GSM1683486	SRP058311	GSM1683483: TC32 NT DRIP; Homo sapiens; OTHER	FALSE	50	SRX1025893	2706186140	hg38	POS	FALSE	101880
SRX1025891	POS	S96	DRIP	Alex Bishop	TC32	WT	Etop-50nM-6hr	29513652	rl	DRIP	S9.6	FALSE	DNA	FALSE	public	GSM1683484	GSM1683486	SRP058311	GSM1683484: TC32 Etop DRIP; Homo sapiens; OTHER	FALSE	50	SRX1025893	2706186140	hg38	POS	FALSE	77880
SRX1025894	POS	S96	DRIP	Alex Bishop	EWS502	WT	DMSO	29513652	rl	DRIP	S9.6	FALSE	DNA	FALSE	public	GSM1683487	GSM1683490	SRP058311	GSM1683487: EWS502 NT DRIP; Homo sapiens; OTHER	FALSE	50	SRX1025897	2706186140	hg38	POS	FALSE	117229
SRX1025895	POS	S96	DRIP	Alex Bishop	EWS502	WT	Etop-250nM-6hr	29513652	rl	DRIP	S9.6	FALSE	DNA	FALSE	public	GSM1683488	GSM1683490	SRP058311	GSM1683488: EWS502 Etop DRIP; Homo sapiens; OTHER	FALSE	50	SRX1025897	2706186140	hg38	POS	FALSE	109670
SRX1025898	POS	S96	DRIP	Alex Bishop	CHLA10	WT	DMSO	29513652	rl	DRIP	S9.6	FALSE	DNA	FALSE	public	GSM1683491	GSM1683494	SRP058311	GSM1683491: CHLA10 NT DRIP; Homo sapiens; OTHER	FALSE	50	SRX1025901	2706186140	hg38	POS	FALSE	57168
SRX1025899	POS	S96	DRIP	Alex Bishop	CHLA10	WT	Etop-150nM-6hr	29513652	rl	DRIP	S9.6	FALSE	DNA	FALSE	public	GSM1683492	GSM1683494	SRP058311	GSM1683492: CHLA10 Etop DRIP; Homo sapiens; OTHER	FALSE	50	SRX1025901	2706186140	hg38	POS	FALSE	29078
SRX1025902	POS	S96	DRIP	Alex Bishop	IMR90	WT	DMSO	29513652	rl	DRIP	S9.6	FALSE	DNA	FALSE	public	GSM1683495	GSM1683498	SRP058311	GSM1683495: IMR90 NT DRIP; Homo sapiens; OTHER	FALSE	50	SRX1025905	2706186140	hg38	POS	FALSE	13825
SRX1025903	POS	S96	DRIP	Alex Bishop	IMR90	WT	Etop-6uM-6hr	29513652	rl	DRIP	S9.6	FALSE	DNA	FALSE	public	GSM1683496	GSM1683498	SRP058311	GSM1683496: IMR90 Etop DRIP; Homo sapiens; OTHER	FALSE	50	SRX1025905	2706186140	hg38	POS	FALSE	9213
SRX1025906	POS	S96	DRIP	Alex Bishop	U2OS	WT	DMSO-EV	29513652	rl	DRIP	S9.6	FALSE	DNA	FALSE	public	GSM1683499	GSM1683508	SRP058311	GSM1683499: U2OS-pMSCV NT DRIP; Homo sapiens; OTHER	FALSE	50	SRX1025915	2706186140	hg38	POS	FALSE	70165
SRX1025908	POS	S96	DRIP	Alex Bishop	U2OS	WT	DMSO-siCTR	29513652	rl	DRIP	S9.6	FALSE	DNA	FALSE	public	GSM1683501	GSM1683508	SRP058311	GSM1683501: U2OS-siCtrl NT DRIP; Homo sapiens; OTHER	FALSE	50	SRX1025915	2706186140	hg38	POS	FALSE	25715
SRX1025910	POS	S96	DRIP	Alex Bishop	U2OS	WT	DMSO-siEWSR1	29513652	rl	DRIP	S9.6	FALSE	DNA	FALSE	public	GSM1683503	GSM1683508	SRP058311	GSM1683503: U2OS-siEWSR1-1 NT DRIP; Homo sapiens; OTHER	FALSE	50	SRX1025915	2706186140	hg38	POS	FALSE	30650
SRX1025912	POS	S96	DRIP	Alex Bishop	U2OS	WT	DMSO-siEWSR1	29513652	rl	DRIP	S9.6	FALSE	DNA	FALSE	public	GSM1683505	GSM1683508	SRP058311	GSM1683505: U2OS-siEWSR1-2 NT DRIP; Homo sapiens; OTHER	FALSE	50	SRX1025915	2706186140	hg38	POS	FALSE	40246
SRX1025913	POS	S96	DRIP	Alex Bishop	U2OS	WT	Etop-6uM-6hr-siEWSR1	29513652	rl	DRIP	S9.6	FALSE	DNA	FALSE	public	GSM1683506	GSM1683508	SRP058311	GSM1683506: U2OS-siEWSR1-2 Etop DRIP; Homo sapiens; OTHER	FALSE	50	SRX1025915	2706186140	hg38	POS	FALSE	23382
SRX2642941	POS	S96	DRIP	Rong Li	LP	WT	BSC119	28649985	rl	DRIP	S9.6	FALSE	DNA	FALSE	public	GSM2537888	NA	SRP101967	GSM2537888: DRIPseq_NC_2_LP; Homo sapiens; OTHER	FALSE	50	NA	2706186140	hg38	POS	FALSE	6516
SRX2642942	POS	S96	DRIP	Rong Li	ML	WT	BSC119	28649985	rl	DRIP	S9.6	FALSE	DNA	FALSE	public	GSM2537889	NA	SRP101967	GSM2537889: DRIPseq_NC_2_ML; Homo sapiens; OTHER	FALSE	50	NA	2706186140	hg38	POS	FALSE	7230
SRX2642943	POS	S96	DRIP	Rong Li	STR	WT	BSC132	28649985	rl	DRIP	S9.6	FALSE	DNA	FALSE	public	GSM2537890	NA	SRP101967	GSM2537890: DRIPseq_NC_3_Stromal; Homo sapiens; OTHER	FALSE	50	NA	2706186140	hg38	POS	FALSE	14875
SRX2642944	POS	S96	DRIP	Rong Li	BE	WT	BSC132	28649985	rl	DRIP	S9.6	FALSE	DNA	FALSE	public	GSM2537891	NA	SRP101967	GSM2537891: DRIPseq_NC_3_Basal; Homo sapiens; OTHER	FALSE	50	NA	2706186140	hg38	POS	FALSE	27073
SRX2642945	POS	S96	DRIP	Rong Li	LP	WT	BSC132	28649985	rl	DRIP	S9.6	FALSE	DNA	FALSE	public	GSM2537892	NA	SRP101967	GSM2537892: DRIPseq_NC_3_LP; Homo sapiens; OTHER	FALSE	50	NA	2706186140	hg38	POS	FALSE	18248
SRX2642946	POS	S96	DRIP	Rong Li	ML	WT	BSC132	28649985	rl	DRIP	S9.6	FALSE	DNA	FALSE	public	GSM2537893	NA	SRP101967	GSM2537893: DRIPseq_NC_3_ML; Homo sapiens; OTHER	FALSE	50	NA	2706186140	hg38	POS	FALSE	6754
SRX2642947	POS	S96	DRIP	Rong Li	STR	WT	BSC134	28649985	rl	DRIP	S9.6	FALSE	DNA	FALSE	public	GSM2537894	NA	SRP101967	GSM2537894: DRIPseq_NC_4_Stromal; Homo sapiens; OTHER	FALSE	50	NA	2706186140	hg38	POS	FALSE	41073
SRX2642948	POS	S96	DRIP	Rong Li	BE	WT	BSC134	28649985	rl	DRIP	S9.6	FALSE	DNA	FALSE	public	GSM2537895	NA	SRP101967	GSM2537895: DRIPseq_NC_4_Basal; Homo sapiens; OTHER	FALSE	50	NA	2706186140	hg38	POS	FALSE	12233
SRX2642949	POS	S96	DRIP	Rong Li	LP	WT	BSC134	28649985	rl	DRIP	S9.6	FALSE	DNA	FALSE	public	GSM2537896	NA	SRP101967	GSM2537896: DRIPseq_NC_4_LP; Homo sapiens; OTHER	FALSE	50	NA	2706186140	hg38	POS	FALSE	28550
SRX2642950	POS	S96	DRIP	Rong Li	ML	WT	BSC134	28649985	rl	DRIP	S9.6	FALSE	DNA	FALSE	public	GSM2537897	NA	SRP101967	GSM2537897: DRIPseq_NC_4_ML; Homo sapiens; OTHER	FALSE	50	NA	2706186140	hg38	POS	FALSE	43172
SRX2642953	POS	S96	DRIP	Rong Li	LP	BRCA1	BSC107	28649985	rl	DRIP	S9.6	FALSE	DNA	FALSE	public	GSM2537900	NA	SRP101967	GSM2537900: DRIPseq_B1_1_LP; Homo sapiens; OTHER	FALSE	50	NA	2706186140	hg38	POS	FALSE	27265
SRX2642954	POS	S96	DRIP	Rong Li	ML	BRCA1	BSC107	28649985	rl	DRIP	S9.6	FALSE	DNA	FALSE	public	GSM2537901	NA	SRP101967	GSM2537901: DRIPseq_B1_1_ML; Homo sapiens; OTHER	FALSE	50	NA	2706186140	hg38	POS	FALSE	19083
SRX2642958	POS	S96	DRIP	Rong Li	ML	BRCA1	BSC115	28649985	rl	DRIP	S9.6	FALSE	DNA	FALSE	public	GSM2537905	NA	SRP101967	GSM2537905: DRIPseq_B1_2_ML; Homo sapiens; OTHER	FALSE	50	NA	2706186140	hg38	POS	FALSE	14068
SRX2642961	POS	S96	DRIP	Rong Li	LP	BRCA1	BSC120	28649985	rl	DRIP	S9.6	FALSE	DNA	FALSE	public	GSM2537908	NA	SRP101967	GSM2537908: DRIPseq_B1_3_LP; Homo sapiens; OTHER	FALSE	50	NA	2706186140	hg38	POS	TRUE	11016
SRX2642962	POS	S96	DRIP	Rong Li	BL	BRCA1	BSC120	28649985	rl	DRIP	S9.6	FALSE	DNA	FALSE	public	GSM2537909	NA	SRP101967	GSM2537909: DRIPseq_B1_3_ML; Homo sapiens; OTHER	FALSE	50	NA	2706186140	hg38	POS	TRUE	14817
SRX2642965	POS	S96	DRIP	Rong Li	LP	BRCA1	BSC127	28649985	rl	DRIP	S9.6	FALSE	DNA	FALSE	public	GSM2537912	NA	SRP101967	GSM2537912: DRIPseq_B1_4_LP; Homo sapiens; OTHER	FALSE	50	NA	2706186140	hg38	POS	FALSE	12333
SRX2642966	POS	S96	DRIP	Rong Li	ML	BRCA1	BSC127	28649985	rl	DRIP	S9.6	FALSE	DNA	FALSE	public	GSM2537913	NA	SRP101967	GSM2537913: DRIPseq_B1_4_ML; Homo sapiens; OTHER	FALSE	50	NA	2706186140	hg38	POS	FALSE	11213
SRX2187023	POS	S96	DRIP	John Staropoli	SHS5Y5	WT	shCTR	28270613	rl	DRIP	S9.6	FALSE	DNA	FALSE	public	GSM2326831	GSM2326823	SRP090328	GSM2326831: DRIP shCtrl S9.6 rep1; Homo sapiens; OTHER	FALSE	50	SRX2187015	2706186140	hg38	POS	FALSE	30170
SRX2187024	POS	S96	DRIP	John Staropoli	SHS5Y5	WT	shCTR	28270613	rl	DRIP	S9.6	FALSE	DNA	FALSE	public	GSM2326832	GSM2326824	SRP090328	GSM2326832: DRIP shCtrl S9.6 rep2; Homo sapiens; OTHER	FALSE	50	SRX2187016	2706186140	hg38	POS	FALSE	34152
SRX2187025	POS	S96	DRIP	John Staropoli	SHS5Y5	WT	shSMN	28270613	rl	DRIP	S9.6	FALSE	DNA	FALSE	public	GSM2326833	GSM2326825	SRP090328	GSM2326833: DRIP shSMN S9.6 rep1; Homo sapiens; OTHER	FALSE	50	SRX2187017	2706186140	hg38	POS	FALSE	31655
SRX2187026	POS	S96	DRIP	John Staropoli	SHS5Y5	WT	shSMN	28270613	rl	DRIP	S9.6	FALSE	DNA	FALSE	public	GSM2326834	GSM2326826	SRP090328	GSM2326834: DRIP shSMN S9.6 rep2; Homo sapiens; OTHER	FALSE	50	SRX2187018	2706186140	hg38	POS	FALSE	28717
SRX534098	POS	S96	DRIP	Fred Chedin	Fibroblast	RNASEH2A	AGS4-P1	26182405	rl	DRIP	S9.6	FALSE	DNA	FALSE	public	GSM1380858	GSM1380853	SRP041718	GSM1380858: AGS4 P1 DRIP-seq; Homo sapiens; OTHER	FALSE	50	SRX534093	2706186140	hg38	POS	FALSE	24927
SRX550078	POS	S96	DRIP	Fred Chedin	Fibroblast	WT	Healthy	26182405	rl	DRIP	S9.6	FALSE	DNA	FALSE	public	GSM1395356	GSM1380853	SRP041718	GSM1395356: Control 3 DRIP-seq; Homo sapiens; OTHER	FALSE	50	SRX534093	2706186140	hg38	POS	TRUE	6432
SRX969060	POS	S96	DRIP	Fred Chedin	Fibroblast	SAMHD1	AGS5-P2	26182405	rl	DRIP	S9.6	FALSE	DNA	FALSE	public	GSM1643592	GSM1380853	SRP041718	GSM1643592: AGS5 P2 DRIP-seq; Homo sapiens; OTHER	FALSE	50	SRX534093	2706186140	hg38	POS	FALSE	53903
SRX969059	POS	S96	DRIP	Fred Chedin	Fibroblast	TREX1	AGS1-P2	26182405	rl	DRIP	S9.6	FALSE	DNA	FALSE	public	GSM1643591	GSM1380853	SRP041718	GSM1643591: AGS1 P2 DRIP-seq; Homo sapiens; OTHER	FALSE	50	SRX534093	2706186140	hg38	POS	FALSE	54610
SRX5696400	POS	S96	DRIP	Ying Liu	U2OS	WT	siCTR	32398827	rl	DRIP	S9.6	FALSE	DNA	FALSE	public	GSM3724905	NA	SRP192766	GSM3724905: U2OS_siCTRL; Homo sapiens; OTHER	FALSE	50	NA	2706186140	hg38	POS	FALSE	83336
SRX5696402	POS	S96	DRIP	Ying Liu	U2OS	WT	siRTEL1	32398827	rl	DRIP	S9.6	FALSE	DNA	FALSE	public	GSM3724907	NA	SRP192766	GSM3724907: U2OS_siRTEL1; Homo sapiens; OTHER	FALSE	50	NA	2706186140	hg38	POS	FALSE	93161
SRX5696404	POS	S96	DRIP	Ying Liu	U2OS	WT	siRTEL1-APH	32398827	rl	DRIP	S9.6	FALSE	DNA	FALSE	public	GSM3724909	NA	SRP192766	GSM3724909: U2OS_siRTEL1_APH; Homo sapiens; OTHER	FALSE	50	NA	2706186140	hg38	POS	FALSE	80094
SRX6651644	POS	S96	DRIP	James Manley	U87	WT	siCTR	32686621	rl	DRIP	S9.6	FALSE	DNA	FALSE	public	GSM4006729	NA	SRP217324	GSM4006729: SX014D U87 DRIP-seq WT rep2; Homo sapiens; OTHER	FALSE	50	NA	2706186140	hg38	POS	FALSE	8427
SRX3581338	POS	S96	DRIP	Philippe Pasero	HeLa	WT	shASF	32769985	rl	DRIP	S9.6	FALSE	DNA	FALSE	public	GSM2891660	GSM2891659	SRP130904	GSM2891660: drip_ASF_IP_1_1; Homo sapiens; OTHER	FALSE	50	SRX3581336	2706186140	hg38	POS	FALSE	102437
SRX3581339	POS	S96	DRIP	Philippe Pasero	HeLa	WT	shCTR	32769985	rl	DRIP	S9.6	FALSE	DNA	FALSE	public	GSM2891661	GSM2891659	SRP130904	GSM2891661: drip_HeLa_IP_1_1; Homo sapiens; OTHER	FALSE	50	SRX3581336	2706186140	hg38	POS	FALSE	107393
SRX3581340	POS	S96	DRIP	Philippe Pasero	HeLa	WT	shTOP1	32769985	rl	DRIP	S9.6	FALSE	DNA	FALSE	public	GSM2891662	GSM2891659	SRP130904	GSM2891662: drip_TOP1_IP_1_1; Homo sapiens; OTHER	FALSE	50	SRX3581336	2706186140	hg38	POS	FALSE	109185
SRX3581342	POS	S96	DRIP	Philippe Pasero	HeLa	WT	shASF	32769985	rl	DRIP	S9.6	FALSE	DNA	FALSE	public	GSM2891664	GSM2891663	SRP130904	GSM2891664: drip_ASF_IP_2_1; Homo sapiens; OTHER	FALSE	50	SRX3581341	2706186140	hg38	POS	FALSE	60250
SRX3581344	POS	S96	DRIP	Philippe Pasero	HeLa	WT	shCTR	32769985	rl	DRIP	S9.6	FALSE	DNA	FALSE	public	GSM2891666	GSM2891665	SRP130904	GSM2891666: drip_HeLa_IP_2_1; Homo sapiens; OTHER	FALSE	50	SRX3581343	2706186140	hg38	POS	FALSE	81405
SRX3581346	POS	S96	DRIP	Philippe Pasero	HeLa	WT	shTOP1	32769985	rl	DRIP	S9.6	FALSE	DNA	FALSE	public	GSM2891668	GSM2891667	SRP130904	GSM2891668: drip_TOP1_IP_2_1; Homo sapiens; OTHER	FALSE	50	SRX3581345	2706186140	hg38	POS	FALSE	94781
SRX3683087	POS	Pos	DREAM	Anjana Rao	MCF7	WT	NT	NA	rl	Other	None	TRUE	RNA	FALSE	public	GSM2991935	NA	SRP132696	GSM2991935: Mock treated sample_MCF-7; Homo sapiens; OTHER	FALSE	50	NA	2706186140	hg38	POS	FALSE	9408
SRX1070680	POS	RNaseA	DRIP	Fred Chedin	NT2	WT	NT	27373332	rl	DRIP	S9.6	FALSE	DNA	FALSE	public	GSM1720617	NA	SRP059800	GSM1720617: NT2 DRIP-seq RNaseA; Homo sapiens; OTHER	FALSE	100	NA	2815435213	hg38	POS	FALSE	60447
SRX1070682	POS	S96	DRIP	Fred Chedin	K562	WT	NT	27373332	rl	DRIP	S9.6	FALSE	DNA	FALSE	public	GSM1720619	NA	SRP059800	GSM1720619: K562 DRIP-seq; Homo sapiens; OTHER	FALSE	100	NA	2815435213	hg38	POS	FALSE	38097
SRX3084734	POS	S96	DRIPc	Fred Chedin	HEK293	WT	NT	30060749	rl	DRIP	S9.6	TRUE	RNA	FALSE	public	GSM2738373	NA	SRP115184	GSM2738373: Control DRIPc-seq; Homo sapiens; OTHER	FALSE	100	NA	2815435213	hg38	POS	FALSE	38086
SRX3084735	POS	S96	DRIPc	Fred Chedin	HEK293	WT	siCTR	30060749	rl	DRIP	S9.6	TRUE	RNA	FALSE	public	GSM2738374	NA	SRP115184	GSM2738374: Scramble DRIPc-seq; Homo sapiens; OTHER	FALSE	100	NA	2815435213	hg38	POS	FALSE	45633
SRX3084736	POS	S96	DRIPc	Fred Chedin	HEK293	WT	siTOP1	30060749	rl	DRIP	S9.6	TRUE	RNA	FALSE	public	GSM2738375	NA	SRP115184	GSM2738375: Top1 KD rep 1 DRIPc-seq; Homo sapiens; OTHER	FALSE	100	NA	2815435213	hg38	POS	TRUE	40697
SRX3084737	POS	S96	DRIPc	Fred Chedin	HEK293	WT	siTOP1	30060749	rl	DRIP	S9.6	TRUE	RNA	FALSE	public	GSM2738376	NA	SRP115184	GSM2738376: Top1 KD rep 2 DRIPc-seq; Homo sapiens; OTHER	FALSE	100	NA	2815435213	hg38	POS	FALSE	49670
SRX534094	POS	S96	DRIP	Fred Chedin	Fibroblast	WT	Healthy	26182405	rl	DRIP	S9.6	FALSE	DNA	FALSE	public	GSM1380854	GSM1380853	SRP041718	GSM1380854: Control 1 DRIP-seq; Homo sapiens; OTHER	FALSE	100	SRX534093	2815435213	hg38	POS	FALSE	47182
SRX534095	POS	S96	DRIP	Fred Chedin	Fibroblast	TREX1	AGS1-P1	26182405	rl	DRIP	S9.6	FALSE	DNA	FALSE	public	GSM1380855	GSM1380853	SRP041718	GSM1380855: AGS1 P1 DRIP-seq; Homo sapiens; OTHER	FALSE	100	SRX534093	2815435213	hg38	POS	FALSE	48365
SRX534097	POS	S96	DRIP	Fred Chedin	Fibroblast	RNASEH2B	AGS2-P2	26182405	rl	DRIP	S9.6	FALSE	DNA	FALSE	public	GSM1380857	GSM1380853	SRP041718	GSM1380857: AGS2 P2 DRIP-seq; Homo sapiens; OTHER	FALSE	100	SRX534093	2815435213	hg38	POS	FALSE	56411
SRX534099	POS	S96	DRIP	Fred Chedin	Fibroblast	RNASEH2A	AGS4-P2	26182405	rl	DRIP	S9.6	FALSE	DNA	FALSE	public	GSM1380859	GSM1380853	SRP041718	GSM1380859: AGS4 P2 DRIP-seq; Homo sapiens; OTHER	FALSE	100	SRX534093	2815435213	hg38	POS	FALSE	27768
SRX534100	POS	S96	DRIP	Fred Chedin	Fibroblast	SAMHD1	AGS5-P1	26182405	rl	DRIP	S9.6	FALSE	DNA	FALSE	public	GSM1380860	GSM1380853	SRP041718	GSM1380860: AGS5 P1 DRIP-seq; Homo sapiens; OTHER	FALSE	100	SRX534093	2815435213	hg38	POS	FALSE	40248
SRX5849996	POS	S96	DRIPc	Fred Chedin	NT2	WT	RNaseA	32105733	rl	DRIP	S9.6	TRUE	RNA	FALSE	public	GSM3772637	NA	SRP195414	GSM3772637: DRIPc-seq RNaseA treated; Homo sapiens; OTHER	FALSE	100	NA	2815435213	hg38	POS	FALSE	89439
SRX5729069	POS	S96	sDRIP	Timothy Heffernan	PATC53	WT	DMSO 1d	34330913	rl	DRIP	S9.6	TRUE	DNA	FALSE	public	GSM3734314	NA	SRP193695	GSM3734314: LS72E PATC53 sDRIP-seq DMSO 1day; Homo sapiens; OTHER	FALSE	100	NA	2815435213	hg38	POS	FALSE	23284
SRX5729070	POS	S96	sDRIP	Fred Chedin	PATC53	WT	DMSO 3d	34330913	rl	DRIP	S9.6	TRUE	DNA	FALSE	public	GSM3734315	NA	SRP193695	GSM3734315: LS72G PATC53 sDRIP-seq DMSO 3day; Homo sapiens; OTHER	FALSE	100	NA	2815435213	hg38	POS	FALSE	37733
SRX5729072	POS	S96	sDRIP	Fred Chedin	PATC53	WT	DMSO 1d	34330913	rl	DRIP	S9.6	TRUE	DNA	FALSE	public	GSM3734317	NA	SRP193695	GSM3734317: LS99E PATC53 sDRIP-seq DMSO 1day; Homo sapiens; OTHER	FALSE	100	NA	2815435213	hg38	POS	FALSE	37546
SRX5729073	POS	S96	sDRIP	Fred Chedin	PATC53	WT	Inh 1d	34330913	rl	DRIP	S9.6	TRUE	DNA	FALSE	public	GSM3734318	NA	SRP193695	GSM3734318: LS99F PATC53 sDRIP-seq Inh 1day; Homo sapiens; OTHER	FALSE	100	NA	2815435213	hg38	POS	FALSE	50047
SRX5729074	POS	S96	sDRIP	Fred Chedin	PATC53	WT	Inh 1d	34330913	rl	DRIP	S9.6	TRUE	DNA	FALSE	public	GSM3734319	NA	SRP193695	GSM3734319: LS99G PATC53 sDRIP-seq Inh 1day; Homo sapiens; OTHER	FALSE	100	NA	2815435213	hg38	POS	FALSE	62188
SRX5729075	POS	S96	sDRIP	Fred Chedin	PATC53	WT	DMSO 3d	34330913	rl	DRIP	S9.6	TRUE	DNA	FALSE	public	GSM3734320	NA	SRP193695	GSM3734320: LS99H PATC53 sDRIP-seq DMSO 3day; Homo sapiens; OTHER	FALSE	100	NA	2815435213	hg38	POS	FALSE	54445
SRX5729076	POS	S96	sDRIP	Fred Chedin	PATC53	WT	Inh 3d	34330913	rl	DRIP	S9.6	TRUE	DNA	FALSE	public	GSM3734321	NA	SRP193695	GSM3734321: LS99I PATC53 sDRIP-seq Inh 3day; Homo sapiens; OTHER	FALSE	100	NA	2815435213	hg38	POS	FALSE	44484
SRX5729071	POS	S96	sDRIP	Fred Chedin	PATC53	WT	Inh 3d	34330913	rl	DRIP	S9.6	TRUE	DNA	FALSE	public	GSM3734316	NA	SRP193695	GSM3734316: LS72H PATC53 sDRIP-seq Inh 3day; Homo sapiens; OTHER	FALSE	100	NA	2815435213	hg38	POS	FALSE	25475
SRX8122753	POS	S96	DRIP	Fred Chedin	K562	WT	NT	NA	rl	DRIP	S9.6	FALSE	DNA	FALSE	public	GSM4478670	NA	SRP256561	GSM4478670: K562 DRIP-seq Control DG1A; Homo sapiens; OTHER	FALSE	100	NA	2815435213	hg38	POS	FALSE	34708
SRX8122754	POS	S96	DRIP	Fred Chedin	K562	WT	PladB-2h	NA	rl	DRIP	S9.6	FALSE	DNA	FALSE	public	GSM4478671	NA	SRP256561	GSM4478671: K562 DRIP-seq PladB 2 hours DG1B; Homo sapiens; OTHER	FALSE	100	NA	2815435213	hg38	POS	FALSE	16738
SRX8122755	POS	S96	DRIP	Fred Chedin	K562	WT	PladB-4h	NA	rl	DRIP	S9.6	FALSE	DNA	FALSE	public	GSM4478672	NA	SRP256561	GSM4478672: K562 DRIP-seq PladB 4 hours DG1C; Homo sapiens; OTHER	FALSE	100	NA	2815435213	hg38	POS	FALSE	9917
SRX8122756	POS	S96	DRIP	Fred Chedin	K562	WT	NT	NA	rl	DRIP	S9.6	FALSE	DNA	FALSE	public	GSM4478673	NA	SRP256561	GSM4478673: K562 DRIP-seq Control DG1D; Homo sapiens; OTHER	FALSE	100	NA	2815435213	hg38	POS	FALSE	39041
SRX8122757	POS	S96	DRIP	Fred Chedin	K562	WT	DMSO-2h	NA	rl	DRIP	S9.6	FALSE	DNA	FALSE	public	GSM4478674	NA	SRP256561	GSM4478674: K562 DRIP-seq DMSO 2 hours DG1E; Homo sapiens; OTHER	FALSE	100	NA	2815435213	hg38	POS	FALSE	15128
SRX8122758	POS	S96	DRIP	Fred Chedin	K562	WT	DMSO-4h	NA	rl	DRIP	S9.6	FALSE	DNA	FALSE	public	GSM4478675	NA	SRP256561	GSM4478675: K562 DRIP-seq DMSO 4 hours DG1F; Homo sapiens; OTHER	FALSE	100	NA	2815435213	hg38	POS	FALSE	22523
SRX8122759	POS	S96	DRIP	Fred Chedin	K562	WT	PladB-2h	NA	rl	DRIP	S9.6	FALSE	DNA	FALSE	public	GSM4478676	NA	SRP256561	GSM4478676: K562 DRIP-seq PladB 2 hours DG1G; Homo sapiens; OTHER	FALSE	100	NA	2815435213	hg38	POS	FALSE	29963
SRX8122760	POS	S96	DRIP	Fred Chedin	K562	WT	PladB-4h	NA	rl	DRIP	S9.6	FALSE	DNA	FALSE	public	GSM4478677	NA	SRP256561	GSM4478677: K562 DRIP-seq PladB 4 hours DG1H; Homo sapiens; OTHER	FALSE	100	NA	2815435213	hg38	POS	FALSE	27607
SRX8122769	POS	S96	sDRIP	Fred Chedin	K562	WT	NT	NA	rl	DRIP	S9.6	TRUE	DNA	FALSE	public	GSM4478686	NA	SRP256561	GSM4478686: K562 sDRIP-seq Control DG3A; Homo sapiens; OTHER	FALSE	100	NA	2815435213	hg38	POS	FALSE	48989
SRX8122770	POS	S96	sDRIP	Fred Chedin	K562	WT	DMSO-4h	NA	rl	DRIP	S9.6	TRUE	DNA	FALSE	public	GSM4478687	NA	SRP256561	GSM4478687: K562 sDRIP-seq DMSO 4 hours DG3B; Homo sapiens; OTHER	FALSE	100	NA	2815435213	hg38	POS	FALSE	60608
SRX8122771	POS	S96	sDRIP	Fred Chedin	K562	WT	PladB-4h	NA	rl	DRIP	S9.6	TRUE	DNA	FALSE	public	GSM4478688	NA	SRP256561	GSM4478688: K562 sDRIP-seq PladB 4 hours DG3C; Homo sapiens; OTHER	FALSE	100	NA	2815435213	hg38	POS	FALSE	51328
SRX8122772	POS	S96	sDRIP	Fred Chedin	K562	WT	NT	NA	rl	DRIP	S9.6	TRUE	DNA	FALSE	public	GSM4478689	NA	SRP256561	GSM4478689: K562 sDRIP-seq Control DG3D; Homo sapiens; OTHER	FALSE	100	NA	2815435213	hg38	POS	FALSE	101835
SRX8122773	POS	S96	sDRIP	Fred Chedin	K562	WT	DMSO-4h	NA	rl	DRIP	S9.6	TRUE	DNA	FALSE	public	GSM4478690	NA	SRP256561	GSM4478690: K562 sDRIP-seq DMSO 4 hours DG3E; Homo sapiens; OTHER	FALSE	100	NA	2815435213	hg38	POS	FALSE	149639
SRX9182640	POS	S96	DRIP	Vincent Vanoosthuyse	HeLa	WT	NT	33411340	rl	DRIP	S9.6	FALSE	DNA	FALSE	public	GSM4801432	NA	SRP285209	GSM4801432: HeLa DRIP WT LS2A rep1; Homo sapiens; OTHER	FALSE	100	NA	2815435213	hg38	POS	FALSE	29311
SRX9182641	POS	S96	DRIP	Vincent Vanoosthuyse	HeLa	WT	NT	33411340	rl	DRIP	S9.6	FALSE	DNA	FALSE	public	GSM4801433	NA	SRP285209	GSM4801433: HeLa DRIP WT LS2B rep2; Homo sapiens; OTHER	FALSE	100	NA	2815435213	hg38	POS	FALSE	40883
SRX8961671	POS	HBD	RLCnT-HBD	Kaiwei Liang	HEK293	WT	NT	33597247	rl	RLCnT	dRNH	TRUE	DNA	FALSE	public	SRX8961671	SRX8961675	SRP277917	GSM4730182: R-Loop-CUT-Tag-HEK293T-2HBD-Anti-GST; Homo sapiens; OTHER	FALSE	100	SRX8961675	2815435213	hg38	POS	FALSE	49334
SRX8961673	POS	HBD	RLCnT-HBD	Kaiwei Liang	HEK293	WT	NT	33597247	rl	RLCnT	dRNH	TRUE	DNA	FALSE	public	SRX8961673	SRX8961675	SRP277917	GSM4730184: R-Loop-CUT-Tag-HEK293T-2HBD-Anti-HisTag; Homo sapiens; OTHER	FALSE	100	SRX8961675	2815435213	hg38	POS	FALSE	60537
SRX8961677	POS	S96	RLCnT-S96	Kaiwei Liang	HEK293	WT	NT	33597247	rl	RLCnT	S9.6	TRUE	DNA	FALSE	public	SRX8961677	NA	SRP277917	GSM4730188: R-Loop-CUT-Tag-HEK293T-S96; Homo sapiens; OTHER	FALSE	100	NA	2815435213	hg38	POS	FALSE	43772
SRX8961681	POS	S96-t3	RLCnT-S96	Kaiwei Liang	HEK293	WT	NT	33597247	rl	RLCnT	S9.6	TRUE	DNA	FALSE	public	SRX8961681	NA	SRP277917	GSM4730192: HEK293T-R-Loop-S96-BUFFER3-Tagmentation; Homo sapiens; OTHER	FALSE	100	NA	2815435213	hg38	POS	FALSE	83224
SRX8961684	POS	S96-t6	RLCnT-S96	Kaiwei Liang	HEK293	WT	NT	33597247	rl	RLCnT	S9.6	TRUE	DNA	FALSE	public	SRX8961684	NA	SRP277917	GSM4730195: HEK293T-R-Loop-S96-BUFFER6-Tagmentation; Homo sapiens; OTHER	FALSE	100	NA	2815435213	hg38	POS	FALSE	102503
SRX8961687	POS	HBD	RLCnT-HBD	Kaiwei Liang	HEK293	WT	NT	33597247	rl	RLCnT	dRNH	TRUE	DNA	FALSE	public	SRX8961687	NA	SRP277917	GSM4730198: R-Loop-CUT-Tag-HEK293T-2HBD-Anti-GST-Rep2; Homo sapiens; OTHER	FALSE	100	NA	2815435213	hg38	POS	FALSE	110811
SRX8961689	POS	HBD	RLCnT-HBD	Kaiwei Liang	HEK293	WT	NT	33597247	rl	RLCnT	dRNH	TRUE	DNA	FALSE	public	SRX8961689	NA	SRP277917	GSM4730200: R-Loop-CUT-Tag-HEK293T-2HBD-Anti-HisTag-Rep2; Homo sapiens; OTHER	FALSE	100	NA	2815435213	hg38	POS	FALSE	92458
SRX8961691	POS	S96	RLCnT-S96	Kaiwei Liang	HEK293	WT	NT	33597247	rl	RLCnT	S9.6	TRUE	DNA	FALSE	public	SRX8961691	NA	SRP277917	GSM4730202: R-Loop-CUT-Tag-HEK293T-S96-Rep2; Homo sapiens; OTHER	FALSE	100	NA	2815435213	hg38	POS	FALSE	107316
SRX9417242	POS	HBD	RLCnT-HBD	Kaiwei Liang	HEK293	WT	NT	33597247	rl	RLCnT	dRNH	TRUE	DNA	FALSE	public	SRX9417242	NA	SRP277917	GSM4876230: HEK293T-Rloop-2XHBD-HISTAG-NoRNaseH (CUT&Tag); Homo sapiens; OTHER	FALSE	100	NA	2815435213	hg38	POS	FALSE	72035
SRX9417231	POS	S96	RLCnT-S96	Kaiwei Liang	HEK293	WT	NT	33597247	rl	RLCnT	S9.6	TRUE	DNA	FALSE	public	SRX9417231	NA	SRP277917	GSM4876232: HEK293T-Rloop-S96-HISTAG-NoRNaseH (CUT&Tag); Homo sapiens; OTHER	FALSE	100	NA	2815435213	hg38	POS	FALSE	30221
SRX9417235	POS	HBD	DRIPc-HBD	Kaiwei Liang	HEK293	WT	NT	33597247	rl	DRIP	dRNH	TRUE	RNA	FALSE	public	SRX9417235	NA	SRP277917	GSM4876236: HEK293T-DRIPc-Fragmentation-2HBD; Homo sapiens; OTHER	TRUE	100	NA	2815435213	hg38	POS	FALSE	48430
SRX9417236	POS	S96	DRIPc	Kaiwei Liang	HEK293	WT	NT	33597247	rl	DRIP	S9.6	TRUE	RNA	FALSE	public	SRX9417236	NA	SRP277917	GSM4876237: HEK293T-DRIPc-Fragmentation-S96; Homo sapiens; OTHER	TRUE	100	NA	2815435213	hg38	POS	FALSE	43815
SRX9417238	POS	S96	DRIP	Kaiwei Liang	HEK293	WT	NT	33597247	rl	DRIP	S9.6	FALSE	DNA	FALSE	public	SRX9417238	SRX9417237	SRP277917	GSM4876239: HEK293T-DRIP-Fragmentase_S96; Homo sapiens; OTHER	FALSE	100	SRX9417237	2815435213	hg38	POS	FALSE	284396
SRX9417240	POS	S96	DRIP	Kaiwei Liang	HEK293	WT	NT	33597247	rl	DRIP	S9.6	FALSE	DNA	FALSE	public	SRX9417240	SRX9417239	SRP277917	GSM4876241: HEK293T-DRIP-Restriction_enzymes_S96; Homo sapiens; OTHER	FALSE	100	SRX9417239	2815435213	hg38	POS	FALSE	101229
SRX7347899	POS	RNaseIII	sDRIP	Fred Chedin	NT2	WT	NT	33830170	rl	DRIP	S9.6	TRUE	DNA	FALSE	public	GSM4213950	NA	SRP236869	GSM4213950: RNase III (DG3H); Homo sapiens; OTHER	FALSE	100	NA	2815435213	hg38	POS	FALSE	6786
SRX7347900	POS	RNaseT1-III	sDRIP	Fred Chedin	NT2	WT	NT	33830170	rl	DRIP	S9.6	TRUE	DNA	FALSE	public	GSM4213951	NA	SRP236869	GSM4213951: RNase T1+III (DG3I); Homo sapiens; OTHER	FALSE	100	NA	2815435213	hg38	POS	FALSE	10595
SRX7347901	POS	RNaseT1	sDRIP	Fred Chedin	NT2	WT	NT	33830170	rl	DRIP	S9.6	TRUE	DNA	FALSE	public	GSM4213952	NA	SRP236869	GSM4213952: RNase T1 (DG3J); Homo sapiens; OTHER	FALSE	100	NA	2815435213	hg38	POS	FALSE	6317
SRX7347902	POS	RNaseIII	sDRIP	Fred Chedin	NT2	WT	NT	33830170	rl	DRIP	S9.6	TRUE	DNA	FALSE	public	GSM4213953	NA	SRP236869	GSM4213953: RNase III (DG3K); Homo sapiens; OTHER	FALSE	100	NA	2815435213	hg38	POS	FALSE	7573
SRX7347903	POS	RNaseT1-III	sDRIP	Fred Chedin	NT2	WT	NT	33830170	rl	DRIP	S9.6	TRUE	DNA	FALSE	public	GSM4213954	NA	SRP236869	GSM4213954: RNase T1+III (DG3L); Homo sapiens; OTHER	FALSE	100	NA	2815435213	hg38	POS	FALSE	9579
SRX7347911	POS	S96	sDRIP	Fred Chedin	NT2	WT	NT	33830170	rl	DRIP	S9.6	TRUE	DNA	FALSE	public	GSM4213962	NA	SRP236869	GSM4213962: Mock (LS78A); Homo sapiens; OTHER	FALSE	100	NA	2815435213	hg38	POS	FALSE	43760
SRX7347912	POS	S96	sDRIP	Fred Chedin	NT2	WT	NT	33830170	rl	DRIP	S9.6	TRUE	DNA	FALSE	public	GSM4213963	NA	SRP236869	GSM4213963: Mock (LS78B); Homo sapiens; OTHER	FALSE	100	NA	2815435213	hg38	POS	FALSE	22730
ERX3974960	POS	S96	DRIP	Sophie Postel-Vinay	786-O	PBRM1ko	NT	33888468	rl	DRIP	S9.6	FALSE	DNA	FALSE	public	ERX3974960	ERX3974959	ERP120322	Illumina NovaSeq 6000 paired end sequencing; DRIP-seq of 786-O and H1299 PBRM1-WT and -KO isogenic models treated with Talazoparib against untreated controls	TRUE	100	ERX3974959	2815435213	hg38	POS	FALSE	59759
ERX3974961	POS	S96	DRIP	Sophie Postel-Vinay	786-O	PBRM1ko	NT	33888468	rl	DRIP	S9.6	FALSE	DNA	FALSE	public	ERX3974961	ERX3974959	ERP120322	Illumina NovaSeq 6000 paired end sequencing; DRIP-seq of 786-O and H1299 PBRM1-WT and -KO isogenic models treated with Talazoparib against untreated controls	TRUE	100	ERX3974959	2815435213	hg38	POS	FALSE	63486
ERX3974963	POS	S96	DRIP	Sophie Postel-Vinay	786-O	PBRM1ko	Talazoparib	33888468	rl	DRIP	S9.6	FALSE	DNA	FALSE	public	ERX3974963	ERX3974959	ERP120322	Illumina NovaSeq 6000 paired end sequencing; DRIP-seq of 786-O and H1299 PBRM1-WT and -KO isogenic models treated with Talazoparib against untreated controls	TRUE	100	ERX3974959	2815435213	hg38	POS	FALSE	63683
ERX3974964	POS	S96	DRIP	Sophie Postel-Vinay	786-O	PBRM1ko	Talazoparib	33888468	rl	DRIP	S9.6	FALSE	DNA	FALSE	public	ERX3974964	ERX3974959	ERP120322	Illumina NovaSeq 6000 paired end sequencing; DRIP-seq of 786-O and H1299 PBRM1-WT and -KO isogenic models treated with Talazoparib against untreated controls	TRUE	100	ERX3974959	2815435213	hg38	POS	FALSE	65067
ERX3974967	POS	S96	DRIP	Sophie Postel-Vinay	786-O	WT	NT	33888468	rl	DRIP	S9.6	FALSE	DNA	FALSE	public	ERX3974967	ERX3974966	ERP120322	Illumina NovaSeq 6000 paired end sequencing; DRIP-seq of 786-O and H1299 PBRM1-WT and -KO isogenic models treated with Talazoparib against untreated controls	TRUE	100	ERX3974966	2815435213	hg38	POS	FALSE	50680
ERX3974968	POS	S96	DRIP	Sophie Postel-Vinay	786-O	WT	NT	33888468	rl	DRIP	S9.6	FALSE	DNA	FALSE	public	ERX3974968	ERX3974966	ERP120322	Illumina NovaSeq 6000 paired end sequencing; DRIP-seq of 786-O and H1299 PBRM1-WT and -KO isogenic models treated with Talazoparib against untreated controls	TRUE	100	ERX3974966	2815435213	hg38	POS	FALSE	55514
ERX3974970	POS	S96	DRIP	Sophie Postel-Vinay	786-O	WT	Talazoparib	33888468	rl	DRIP	S9.6	FALSE	DNA	FALSE	public	ERX3974970	ERX3974966	ERP120322	Illumina NovaSeq 6000 paired end sequencing; DRIP-seq of 786-O and H1299 PBRM1-WT and -KO isogenic models treated with Talazoparib against untreated controls	TRUE	100	ERX3974966	2815435213	hg38	POS	FALSE	48821
ERX3974971	POS	S96	DRIP	Sophie Postel-Vinay	786-O	WT	Talazoparib	33888468	rl	DRIP	S9.6	FALSE	DNA	FALSE	public	ERX3974971	ERX3974966	ERP120322	Illumina NovaSeq 6000 paired end sequencing; DRIP-seq of 786-O and H1299 PBRM1-WT and -KO isogenic models treated with Talazoparib against untreated controls	TRUE	100	ERX3974966	2815435213	hg38	POS	FALSE	30623
ERX3974974	POS	S96	DRIP	Sophie Postel-Vinay	H1299	PBRM1ko	NT	33888468	rl	DRIP	S9.6	FALSE	DNA	FALSE	public	ERX3974974	ERX3974973	ERP120322	Illumina NovaSeq 6000 paired end sequencing; DRIP-seq of 786-O and H1299 PBRM1-WT and -KO isogenic models treated with Talazoparib against untreated controls	TRUE	100	ERX3974973	2815435213	hg38	POS	FALSE	66543
ERX3974975	POS	S96	DRIP	Sophie Postel-Vinay	H1299	PBRM1ko	NT	33888468	rl	DRIP	S9.6	FALSE	DNA	FALSE	public	ERX3974975	ERX3974973	ERP120322	Illumina NovaSeq 6000 paired end sequencing; DRIP-seq of 786-O and H1299 PBRM1-WT and -KO isogenic models treated with Talazoparib against untreated controls	TRUE	100	ERX3974973	2815435213	hg38	POS	FALSE	57888
ERX3974977	POS	S96	DRIP	Sophie Postel-Vinay	H1299	PBRM1ko	Talazoparib	33888468	rl	DRIP	S9.6	FALSE	DNA	FALSE	public	ERX3974977	ERX3974973	ERP120322	Illumina NovaSeq 6000 paired end sequencing; DRIP-seq of 786-O and H1299 PBRM1-WT and -KO isogenic models treated with Talazoparib against untreated controls	TRUE	100	ERX3974973	2815435213	hg38	POS	FALSE	52051
ERX3974978	POS	S96	DRIP	Sophie Postel-Vinay	H1299	PBRM1ko	Talazoparib	33888468	rl	DRIP	S9.6	FALSE	DNA	FALSE	public	ERX3974978	ERX3974973	ERP120322	Illumina NovaSeq 6000 paired end sequencing; DRIP-seq of 786-O and H1299 PBRM1-WT and -KO isogenic models treated with Talazoparib against untreated controls	TRUE	100	ERX3974973	2815435213	hg38	POS	FALSE	61867
ERX3974981	POS	S96	DRIP	Sophie Postel-Vinay	H1299	WT	NT	33888468	rl	DRIP	S9.6	FALSE	DNA	FALSE	public	ERX3974981	ERX3974980	ERP120322	Illumina NovaSeq 6000 paired end sequencing; DRIP-seq of 786-O and H1299 PBRM1-WT and -KO isogenic models treated with Talazoparib against untreated controls	TRUE	100	ERX3974980	2815435213	hg38	POS	FALSE	69158
ERX3974982	POS	S96	DRIP	Sophie Postel-Vinay	H1299	WT	NT	33888468	rl	DRIP	S9.6	FALSE	DNA	FALSE	public	ERX3974982	ERX3974980	ERP120322	Illumina NovaSeq 6000 paired end sequencing; DRIP-seq of 786-O and H1299 PBRM1-WT and -KO isogenic models treated with Talazoparib against untreated controls	TRUE	100	ERX3974980	2815435213	hg38	POS	FALSE	60814
ERX3974984	POS	S96	DRIP	Sophie Postel-Vinay	H1299	WT	Talazoparib	33888468	rl	DRIP	S9.6	FALSE	DNA	FALSE	public	ERX3974984	ERX3974980	ERP120322	Illumina NovaSeq 6000 paired end sequencing; DRIP-seq of 786-O and H1299 PBRM1-WT and -KO isogenic models treated with Talazoparib against untreated controls	TRUE	100	ERX3974980	2815435213	hg38	POS	FALSE	74338
ERX3974985	POS	S96	DRIP	Sophie Postel-Vinay	H1299	WT	Talazoparib	33888468	rl	DRIP	S9.6	FALSE	DNA	FALSE	public	ERX3974985	ERX3974980	ERP120322	Illumina NovaSeq 6000 paired end sequencing; DRIP-seq of 786-O and H1299 PBRM1-WT and -KO isogenic models treated with Talazoparib against untreated controls	TRUE	100	ERX3974980	2815435213	hg38	POS	FALSE	69572
SRX10775030	POS	S96	DRIP	Lluis Morey	T47D	WT	HD	34428304	rl	DRIP	S9.6	FALSE	DNA	FALSE	public	GSM5282014	GSM5282016	SRP318473	GSM5282014: T47D_HD_dripseq; Homo sapiens; OTHER	FALSE	100	SRX10774996	2815435213	hg38	POS	FALSE	60908
SRX10775031	POS	S96	DRIP	Lluis Morey	T47D	WT	E2	34428304	rl	DRIP	S9.6	FALSE	DNA	FALSE	public	GSM5282015	GSM5282017	SRP318473	GSM5282015: T47D_E2_dripseq; Homo sapiens; OTHER	FALSE	100	SRX10774997	2815435213	hg38	POS	FALSE	82377
SRX10775002	POS	S96	DRIP	Lluis Morey	T47D	shCTR	HD	34428304	rl	DRIP	S9.6	FALSE	DNA	FALSE	public	GSM5282022	GSM5282030	SRP318473	GSM5282022: shCtrl_HD_dripseq; Homo sapiens; OTHER	FALSE	100	SRX10775010	2815435213	hg38	POS	FALSE	66303
SRX10775003	POS	S96	DRIP	Lluis Morey	T47D	shRING1B	HD	34428304	rl	DRIP	S9.6	FALSE	DNA	FALSE	public	GSM5282023	GSM5282031	SRP318473	GSM5282023: shRING1B_HD_dripseq; Homo sapiens; OTHER	FALSE	100	SRX10775011	2815435213	hg38	POS	FALSE	66621
SRX10775004	POS	S96	DRIP	Lluis Morey	T47D	shCTR	E2	34428304	rl	DRIP	S9.6	FALSE	DNA	FALSE	public	GSM5282024	GSM5282032	SRP318473	GSM5282024: shCtrl_E2_dripseq; Homo sapiens; OTHER	FALSE	100	SRX10775012	2815435213	hg38	POS	FALSE	50505
SRX10775005	POS	S96	DRIP	Lluis Morey	T47D	shRING1B	E2	34428304	rl	DRIP	S9.6	FALSE	DNA	FALSE	public	GSM5282025	GSM5282033	SRP318473	GSM5282025: shRING1B_E2_dripseq; Homo sapiens; OTHER	FALSE	100	SRX10775034	2815435213	hg38	POS	FALSE	53556
SRX4231163	POS	S96	DRIP	Giovanni Capranico	U2OS	WT	NT	30591567	rl	DRIP	S9.6	FALSE	DNA	FALSE	public	GSM3196007	NA	SRP150774	GSM3196007: Control DRIP-seq 1; Homo sapiens; OTHER	TRUE	300	NA	2677388039	hg38	POS	FALSE	19704
SRX4231164	POS	S96	DRIP	Giovanni Capranico	U2OS	WT	NT	30591567	rl	DRIP	S9.6	FALSE	DNA	FALSE	public	GSM3196008	NA	SRP150774	GSM3196008: Control DRIP-seq 2; Homo sapiens; OTHER	TRUE	300	NA	2677388039	hg38	POS	FALSE	28088
SRX4231165	POS	S96	DRIP	Giovanni Capranico	U2OS	WT	FG	30591567	rl	DRIP	S9.6	FALSE	DNA	FALSE	public	GSM3196009	NA	SRP150774	GSM3196009: FG DRIP-seq 1; Homo sapiens; OTHER	TRUE	300	NA	2677388039	hg38	POS	FALSE	33299
SRX4231166	POS	S96	DRIP	Giovanni Capranico	U2OS	WT	FG	30591567	rl	DRIP	S9.6	FALSE	DNA	FALSE	public	GSM3196010	NA	SRP150774	GSM3196010: FG DRIP-seq 2; Homo sapiens; OTHER	TRUE	300	NA	2677388039	hg38	POS	FALSE	41804
SRX4231167	POS	S96	DRIP	Giovanni Capranico	U2OS	WT	PDS	30591567	rl	DRIP	S9.6	FALSE	DNA	FALSE	public	GSM3196011	NA	SRP150774	GSM3196011: PDS DRIP-seq 1; Homo sapiens; OTHER	TRUE	300	NA	2677388039	hg38	POS	FALSE	46883
SRX4231168	POS	S96	DRIP	Giovanni Capranico	U2OS	WT	PDS	30591567	rl	DRIP	S9.6	FALSE	DNA	FALSE	public	GSM3196012	NA	SRP150774	GSM3196012: PDS DRIP-seq 2; Homo sapiens; OTHER	TRUE	300	NA	2677388039	hg38	POS	FALSE	40627
SRX6428494	POS	S96	ssDRIP	Yun-Gui Yang	HeLa	shCTRL	EV	31606733	rl	DRIP	S9.6	TRUE	DNA	FALSE	public	GSM3937240	NA	SRP214116	GSM3937240: shCTRL_EV_ssDRIP_rep1; Homo sapiens; OTHER	TRUE	300	NA	2677388039	hg38	POS	FALSE	79824
SRX6428495	POS	S96	ssDRIP	Yun-Gui Yang	HeLa	shCTRL	EV	31606733	rl	DRIP	S9.6	TRUE	DNA	FALSE	public	GSM3937241	NA	SRP214116	GSM3937241: shCTRL_EV_ssDRIP_rep2; Homo sapiens; OTHER	TRUE	300	NA	2677388039	hg38	POS	FALSE	93641
SRX6428497	POS	S96	ssDRIP	Yun-Gui Yang	HeLa	shMETTL3	EV	31606733	rl	DRIP	S9.6	TRUE	DNA	FALSE	public	GSM3937243	NA	SRP214116	GSM3937243: shMETTL3_EV_ssDRIP_rep2; Homo sapiens; OTHER	TRUE	300	NA	2677388039	hg38	POS	FALSE	190882
SRX6428498	POS	S96	ssDRIP	Yun-Gui Yang	HeLa	shMETTL3	mutMETTL3OE	31606733	rl	DRIP	S9.6	TRUE	DNA	FALSE	public	GSM3937244	NA	SRP214116	GSM3937244: shMETTL3_mut_ssDRIP_rep1; Homo sapiens; OTHER	TRUE	300	NA	2677388039	hg38	POS	FALSE	159889
SRX6428500	POS	S96	ssDRIP	Yun-Gui Yang	HeLa	shMETTL3	wtMETTL3OE	31606733	rl	DRIP	S9.6	TRUE	DNA	FALSE	public	GSM3937246	NA	SRP214116	GSM3937246: shMETTL3_WT_ssDRIP_rep1; Homo sapiens; OTHER	TRUE	300	NA	2677388039	hg38	POS	FALSE	161291
SRX6428501	POS	S96	ssDRIP	Yun-Gui Yang	HeLa	shMETTL3	wtMETTL3OE	31606733	rl	DRIP	S9.6	TRUE	DNA	FALSE	public	GSM3937247	NA	SRP214116	GSM3937247: shMETTL3_WT_ssDRIP_rep2; Homo sapiens; OTHER	TRUE	300	NA	2677388039	hg38	POS	FALSE	88812
SRX6428499	POS	S96	ssDRIP	Yun-Gui Yang	HeLa	shMETTL3	mutMETTL3OE	31606733	rl	DRIP	S9.6	TRUE	DNA	FALSE	public	GSM3937245	NA	SRP214116	GSM3937245: shMETTL3_mut_ssDRIP_rep2; Homo sapiens; OTHER	TRUE	300	NA	2677388039	hg38	POS	FALSE	133380
SRX7805801	POS	S96	ssDRIP	Guang-Hui Liu	MSCs	WT	NT	32640235	rl	DRIP	S9.6	TRUE	DNA	FALSE	public	GSM4340319	GSM4340306	SRP250803	GSM4340319: ssDRIP sequencing of hMSCs [ssDRIP-MSC_rep1]; Homo sapiens; OTHER	TRUE	300	SRX7805788	2677388039	hg38	POS	TRUE	451597
SRX6427713	POS	S96	qDRIP	Karlene Cimprich	HeLa	WT	siGL3	32544226	rl	DRIP	S9.6	TRUE	DNA	FALSE	public	GSM3936507	GSM3936510	SRP214089	GSM3936507: siGL3 qDRIP-seq 1; Homo sapiens; OTHER	TRUE	300	SRX6427716	2677388039	hg38	POS	FALSE	52765
SRX6427714	POS	S96	qDRIP	Karlene Cimprich	HeLa	WT	siGL3	32544226	rl	DRIP	S9.6	TRUE	DNA	FALSE	public	GSM3936508	GSM3936510	SRP214089	GSM3936508: siGL3 qDRIP-seq 2; Homo sapiens; OTHER	TRUE	300	SRX6427716	2677388039	hg38	POS	FALSE	55747
SRX6427717	POS	S96	qDRIP	Karlene Cimprich	HeLa	WT	DMSO	32544226	rl	DRIP	S9.6	TRUE	DNA	FALSE	public	GSM3936511	GSM3936513	SRP214089	GSM3936511: DMSO qDRIP-seq 1; Homo sapiens; OTHER	TRUE	300	SRX6427719	2677388039	hg38	POS	FALSE	49446
SRX6427718	POS	S96	qDRIP	Karlene Cimprich	HeLa	WT	DMSO	32544226	rl	DRIP	S9.6	TRUE	DNA	FALSE	public	GSM3936512	GSM3936513	SRP214089	GSM3936512: DMSO qDRIP-seq 2; Homo sapiens; OTHER	TRUE	300	SRX6427719	2677388039	hg38	POS	FALSE	59949
SRX6427720	POS	S96	qDRIP	Karlene Cimprich	HeLa	WT	DRB	32544226	rl	DRIP	S9.6	TRUE	DNA	FALSE	public	GSM3936514	GSM3936517	SRP214089	GSM3936514: DRB qDRIP-seq 1; Homo sapiens; OTHER	TRUE	300	SRX6427723	2677388039	hg38	POS	FALSE	65039
SRX6427721	POS	S96	qDRIP	Karlene Cimprich	HeLa	WT	DRB	32544226	rl	DRIP	S9.6	TRUE	DNA	FALSE	public	GSM3936515	GSM3936517	SRP214089	GSM3936515: DRB qDRIP-seq 2; Homo sapiens; OTHER	TRUE	300	SRX6427723	2677388039	hg38	POS	FALSE	59082
SRX7347904	POS	S96	sDRIP	Fred Chedin	NT2	WT	NT	33830170	rl	DRIP	S9.6	TRUE	DNA	FALSE	public	GSM4213955	NA	SRP236869	GSM4213955: Mock (LS5C); Homo sapiens; OTHER	TRUE	300	NA	2677388039	hg38	POS	FALSE	21444
SRX7347905	POS	RNaseT1	sDRIP	Fred Chedin	NT2	WT	NT	33830170	rl	DRIP	S9.6	TRUE	DNA	FALSE	public	GSM4213956	NA	SRP236869	GSM4213956: RNase T1 (LS5D); Homo sapiens; OTHER	TRUE	300	NA	2677388039	hg38	POS	FALSE	66694
SRX7347906	POS	RNaseT1-III	sDRIP	Fred Chedin	NT2	WT	NT	33830170	rl	DRIP	S9.6	TRUE	DNA	FALSE	public	GSM4213957	NA	SRP236869	GSM4213957: RNase T1+III (LS5F); Homo sapiens; OTHER	TRUE	300	NA	2677388039	hg38	POS	FALSE	49272
SRX7347907	POS	S96	sDRIP	Fred Chedin	NT2	WT	NT	33830170	rl	DRIP	S9.6	TRUE	DNA	FALSE	public	GSM4213958	NA	SRP236869	GSM4213958: Mock (LS5G); Homo sapiens; OTHER	TRUE	300	NA	2677388039	hg38	POS	FALSE	12262
SRX7347908	POS	RNaseT1	sDRIP	Fred Chedin	NT2	WT	NT	33830170	rl	DRIP	S9.6	TRUE	DNA	FALSE	public	GSM4213959	NA	SRP236869	GSM4213959: RNase T1 (LS5H); Homo sapiens; OTHER	TRUE	300	NA	2677388039	hg38	POS	FALSE	15714
SRX7347909	POS	RNaseIII	sDRIP	Fred Chedin	NT2	WT	NT	33830170	rl	DRIP	S9.6	TRUE	DNA	FALSE	public	GSM4213960	NA	SRP236869	GSM4213960: RNase III (LS5I); Homo sapiens; OTHER	TRUE	300	NA	2677388039	hg38	POS	FALSE	14889
SRX7347910	POS	RNaseT1-III	sDRIP	Fred Chedin	NT2	WT	NT	33830170	rl	DRIP	S9.6	TRUE	DNA	FALSE	public	GSM4213961	NA	SRP236869	GSM4213961: RNase T1+III (LS5J); Homo sapiens; OTHER	TRUE	300	NA	2677388039	hg38	POS	FALSE	28636
SRX7347914	POS	S96	sDRIP	Fred Chedin	NT2	WT	NT	33830170	rl	DRIP	S9.6	TRUE	DNA	FALSE	public	GSM4213965	NA	SRP236869	GSM4213965: Mock (NV1LS1); Homo sapiens; OTHER	TRUE	300	NA	2677388039	hg38	POS	FALSE	39311
SRX7347915	POS	S96	sDRIP	Fred Chedin	NT2	WT	NT	33830170	rl	DRIP	S9.6	TRUE	DNA	FALSE	public	GSM4213966	NA	SRP236869	GSM4213966: Mock (NV1LS2); Homo sapiens; OTHER	TRUE	300	NA	2677388039	hg38	POS	FALSE	26713
SRX9529686	POS	S96	DRIP	Daniel Haber	MDA231	WT	NT	34624217	rl	DRIP	S9.6	FALSE	DNA	FALSE	public	GSM4914407	NA	SRP293163	GSM4914407: S96_M231_NR4A1WT_1; Homo sapiens; OTHER	TRUE	300	NA	2677388039	hg38	POS	FALSE	19598
SRX9529687	POS	S96	DRIP	Daniel Haber	MDA231	WT	NT	34624217	rl	DRIP	S9.6	FALSE	DNA	FALSE	public	GSM4914408	NA	SRP293163	GSM4914408: S96_M231_NR4A1WT_2; Homo sapiens; OTHER	TRUE	300	NA	2677388039	hg38	POS	FALSE	19434
SRX9529689	POS	S96	DRIP	Daniel Haber	MDA231	WT	SerumFeeding-30m	34624217	rl	DRIP	S9.6	FALSE	DNA	FALSE	public	GSM4914410	NA	SRP293163	GSM4914410: S96_M231_serumrefeeding_30min; Homo sapiens; OTHER	TRUE	300	NA	2677388039	hg38	POS	FALSE	11532
SRX9529690	POS	S96	DRIP	Daniel Haber	MDA231	WT	SerumFeeding-3h	34624217	rl	DRIP	S9.6	FALSE	DNA	FALSE	public	GSM4914411	NA	SRP293163	GSM4914411: S96_M231_serumrefeeding_3h; Homo sapiens; OTHER	TRUE	300	NA	2677388039	hg38	POS	FALSE	20852
SRX9529691	POS	S96	DRIP	Daniel Haber	MDA231	WT	SerumFeeding-6h	34624217	rl	DRIP	S9.6	FALSE	DNA	FALSE	public	GSM4914412	NA	SRP293163	GSM4914412: S96_M231_serumrefeeding_6h; Homo sapiens; OTHER	TRUE	300	NA	2677388039	hg38	POS	FALSE	20932
SRX9529692	POS	S96	DRIP	Daniel Haber	MDA231	WT	SerumFeeding-24h	34624217	rl	DRIP	S9.6	FALSE	DNA	FALSE	public	GSM4914413	NA	SRP293163	GSM4914413: S96_M231_serumwithdraw_24h; Homo sapiens; OTHER	TRUE	300	NA	2677388039	hg38	POS	FALSE	14747
SRX9529693	POS	S96	DRIP	Daniel Haber	MCF10A	WT	NT	34624217	rl	DRIP	S9.6	FALSE	DNA	FALSE	public	GSM4914414	NA	SRP293163	GSM4914414: S96_MCF10A_in_serum; Homo sapiens; OTHER	TRUE	300	NA	2677388039	hg38	POS	FALSE	17891
SRX11867023	POS	S96	DRIP	Qiang Wu	HEC1B	WT	LNAeRNA1	34531317	rl	DRIP	S9.6	FALSE	DNA	FALSE	public	GSM5533478	NA	SRP257541	GSM5533478: DRIP_LNAeRNA1_rep3 DRIP-seq; Homo sapiens; OTHER	TRUE	300	NA	2677388039	hg38	POS	FALSE	5343
SRX1029475	POS	S96	RDIP	Julie Nadel	IMR90	WT	NT	26579211	rl	RDIP	S9.6	TRUE	RNA	FALSE	public	GSM1687554	GSM1687555	SRP058391	GSM1687554: IMR90_RDIP; Homo sapiens; OTHER	TRUE	200	SRX1029476	2910683893	hg38	POS	FALSE	123875
SRX1029477	POS	S96	RDIP	Julie Nadel	HEK293	WT	NT	26579211	rl	RDIP	S9.6	TRUE	RNA	FALSE	public	GSM1687556	GSM1687557	SRP058391	GSM1687556: HEK293T_RDIP; Homo sapiens; OTHER	TRUE	200	SRX1029478	2910683893	hg38	POS	FALSE	48330
SRX7582144	POS	DRNA	DRNA	Leila Kianmehr	Sperm	WT	NA	34205454	rl	Other	None	FALSE	RNA	FALSE	public	SRX7582144	NA	SRP243002	GSM4276640: Human_D_RNA_4; Homo sapiens; OTHER	TRUE	200	NA	2910683893	hg38	POS	FALSE	51229
SRX2481503	POS	S96	DRIP	Karlene Cimprich	HeLa	WT	siCTR	28802045	rl	DRIP	S9.6	FALSE	DNA	FALSE	public	GSM2452072	GSM2452073	SRP096360	GSM2452072: S9.6 DRIP Seq_1; Homo sapiens; OTHER	TRUE	150	SRX2481504	2874271596	hg38	POS	FALSE	39661
SRX2918366	POS	S96	DRIP	Karlene Cimprich	HeLa	WT	siCTR	28802045	rl	DRIP	S9.6	FALSE	DNA	FALSE	public	GSM2668157	GSM2668158	SRP096360	GSM2668157: S9.6 DRIP Seq_2; Homo sapiens; OTHER	TRUE	150	SRX2918367	2874271596	hg38	POS	FALSE	63017
SRX8755310	POS	S96	DRIPc	Andres Aguilera	K562	WT	SiBRG1	33986538	rl	DRIP	S9.6	TRUE	RNA	FALSE	public	SRX8755310	NA	SRP272361	GSM4676156: K562 siBRG1 DRIPc-seq rep1; Homo sapiens; OTHER	TRUE	150	NA	2874271596	hg38	POS	TRUE	107606
SRX8755311	POS	S96	DRIPc	Andres Aguilera	K562	WT	SiBRG1	33986538	rl	DRIP	S9.6	TRUE	RNA	FALSE	public	SRX8755311	NA	SRP272361	GSM4676157: K562 siBRG1 DRIPc-seq rep2; Homo sapiens; OTHER	TRUE	150	NA	2874271596	hg38	POS	FALSE	107116
SRX9182645	POS	S96	DRIPc	Vincent Vanoosthuyse	HeLa	WT	NT	33411340	rl	DRIP	S9.6	TRUE	RNA	FALSE	public	GSM4801428	NA	SRP285209	GSM4801428: HeLa DRIPc WT LS61A rep1; Homo sapiens; OTHER	FALSE	150	NA	2874271596	hg38	POS	FALSE	108243
SRX9182646	POS	S96	DRIPc	Vincent Vanoosthuyse	HeLa	WT	NT	33411340	rl	DRIP	S9.6	TRUE	RNA	FALSE	public	GSM4801429	NA	SRP285209	GSM4801429: HeLa DRIPc WT LS61C rep2; Homo sapiens; OTHER	FALSE	150	NA	2874271596	hg38	POS	FALSE	119031
SRX9182638	POS	S96	DRIPc	Vincent Vanoosthuyse	HeLa	WT	NT	33411340	rl	DRIP	S9.6	TRUE	RNA	FALSE	public	GSM4801430	NA	SRP285209	GSM4801430: HeLa DRIPc WT LS61H rep3; Homo sapiens; OTHER	FALSE	150	NA	2874271596	hg38	POS	FALSE	105495
SRX9182643	POS	S96	DRIPc	Vincent Vanoosthuyse	K562	WT	NT	33411340	rl	DRIP	S9.6	TRUE	RNA	FALSE	public	GSM4801435	NA	SRP285209	GSM4801435: K562 DRIPc WT LS60A rep1; Homo sapiens; OTHER	FALSE	150	NA	2874271596	hg38	POS	FALSE	94540
SRX9182644	POS	S96	DRIPc	Vincent Vanoosthuyse	K562	WT	NT	33411340	rl	DRIP	S9.6	TRUE	RNA	FALSE	public	GSM4801436	NA	SRP285209	GSM4801436: K562 DRIPc WT LS60B rep2; Homo sapiens; OTHER	FALSE	150	NA	2874271596	hg38	POS	FALSE	86322
SRX5547605	POS	D210N	RR-ChIP	Nicholas Proudfoot	HeLa	D210N	NT	31679819	rl	R-ChIP	dRNH	TRUE	RNA	FALSE	public	GSM3681019	NA	SRP090821	GSM3681019: Replicate 1 RR-ChIP seq D210N; Homo sapiens; OTHER	TRUE	75	NA	2758258906	hg38	POS	FALSE	202499
SRX5547606	POS	D210N	RR-ChIP	Nicholas Proudfoot	HeLa	D210N	NT	31679819	rl	R-ChIP	dRNH	TRUE	RNA	FALSE	public	GSM3681020	NA	SRP090821	GSM3681020: Replicate 2 RR-ChIP seq D210N; Homo sapiens; OTHER	TRUE	75	NA	2758258906	hg38	POS	FALSE	214350
SRX4776615	POS	D210N	MapR	Kavitha Sarma	HEK293	WT	NT	31665646	rl	MapR	dRNH	FALSE	DNA	FALSE	public	GSM3406747	GSM3406748	SRP162869	GSM3406747: MapR_293_rep1; Homo sapiens; OTHER	TRUE	75	SRX4776616	2758258906	hg38	POS	FALSE	76874
SRX4776617	POS	D210N	MapR	Kavitha Sarma	HEK293	WT	NT	31665646	rl	MapR	dRNH	FALSE	DNA	FALSE	public	GSM3406749	GSM3406751	SRP162869	GSM3406749: MapR_293_rep2_tech1; Homo sapiens; OTHER	TRUE	75	SRX4776619	2758258906	hg38	POS	FALSE	50819
SRX4776618	POS	D210N	MapR	Kavitha Sarma	HEK293	WT	NT	31665646	rl	MapR	dRNH	FALSE	DNA	FALSE	public	GSM3406750	GSM3406752	SRP162869	GSM3406750: MapR_293_rep2_tech2; Homo sapiens; OTHER	TRUE	75	SRX4776620	2758258906	hg38	POS	FALSE	35049
SRX4776621	POS	D210N	MapR	Kavitha Sarma	HEK293	WT	NT	31665646	rl	MapR	dRNH	FALSE	DNA	FALSE	public	GSM3406753	GSM3406754	SRP162869	GSM3406753: MapR_293_rep3; Homo sapiens; OTHER	TRUE	75	SRX4776622	2758258906	hg38	POS	FALSE	82204
SRX4776623	POS	FLAG	RNH-CnR	Kavitha Sarma	HEK293	RNHdFLAG	NT	31665646	rl	MapR	dRNH	FALSE	DNA	FALSE	public	GSM3406755	GSM3406756	SRP162869	GSM3406755: RHdcatCnR_293_rep1; Homo sapiens; OTHER	TRUE	75	SRX4776624	2758258906	hg38	POS	FALSE	15018
SRX4776625	POS	FLAG	RNH-CnR	Kavitha Sarma	HEK293	RNHdFLAG	NT	31665646	rl	MapR	dRNH	FALSE	DNA	FALSE	public	GSM3406757	GSM3406758	SRP162869	GSM3406757: RHdcatCnR_293_rep2; Homo sapiens; OTHER	TRUE	75	SRX4776626	2758258906	hg38	POS	FALSE	36007
SRX4776627	POS	FLAG	RNH-CnR	Kavitha Sarma	HEK293	RNHdFLAG	NT	31665646	rl	MapR	dRNH	FALSE	DNA	FALSE	public	GSM3406759	NA	SRP162869	GSM3406759: RHdcatCnR_293_rep3; Homo sapiens; OTHER	TRUE	75	NA	2758258906	hg38	POS	FALSE	29417
SRX4776636	POS	D210N	MapR	Kavitha Sarma	U87	WT	NT	31665646	rl	MapR	dRNH	FALSE	DNA	FALSE	public	GSM3406768	GSM3406770	SRP162869	GSM3406768: MapR_U87T_rep1_tech1; Homo sapiens; OTHER	TRUE	75	SRX4776638	2758258906	hg38	POS	FALSE	107994
SRX4776637	POS	D210N	MapR	Kavitha Sarma	U87	WT	NT	31665646	rl	MapR	dRNH	FALSE	DNA	FALSE	public	GSM3406769	GSM3406771	SRP162869	GSM3406769: MapR_U87T_rep1_tech2; Homo sapiens; OTHER	TRUE	75	SRX4776639	2758258906	hg38	POS	FALSE	65229
SRX4776640	POS	D210N	MapR	Kavitha Sarma	U87	WT	NT	31665646	rl	MapR	dRNH	FALSE	DNA	FALSE	public	GSM3406772	GSM3406773	SRP162869	GSM3406772: MapR_U87T_rep2; Homo sapiens; OTHER	TRUE	75	SRX4776641	2758258906	hg38	POS	FALSE	78034
SRX4776642	POS	D210N	MapR	Kavitha Sarma	U87	WT	NT100K	31665646	rl	MapR	dRNH	FALSE	DNA	FALSE	public	GSM3406774	GSM3406775	SRP162869	GSM3406774: MapR_U87T_100K; Homo sapiens; OTHER	TRUE	75	SRX4776643	2758258906	hg38	POS	FALSE	36905
SRX8908657	POS	S96	DRIP	Stephane Richard	U2OS	WT	siCTR	32747416	rl	DRIP	S9.6	FALSE	DNA	FALSE	public	GSM4714811	GSM4714813	SRP276651	GSM4714811: Control rep 1 DRIP-seq; Homo sapiens; OTHER	FALSE	75	SRX8908659	2758258906	hg38	POS	FALSE	26349
SRX8908658	POS	S96	DRIP	Stephane Richard	U2OS	WT	siCTR	32747416	rl	DRIP	S9.6	FALSE	DNA	FALSE	public	GSM4714812	GSM4714813	SRP276651	GSM4714812: Control rep 2 DRIP-seq; Homo sapiens; OTHER	FALSE	75	SRX8908659	2758258906	hg38	POS	FALSE	42412
SRX8908662	POS	S96	DRIP	Stephane Richard	U2OS	WT	siDDX5	32747416	rl	DRIP	S9.6	FALSE	DNA	FALSE	public	GSM4714816	GSM4714818	SRP276651	GSM4714816: DDX5 KD rep 1 DRIP-seq; Homo sapiens; OTHER	FALSE	75	SRX8908664	2758258906	hg38	POS	FALSE	44493
SRX8908663	POS	S96	DRIP	Stephane Richard	U2OS	WT	siDDX5	32747416	rl	DRIP	S9.6	FALSE	DNA	FALSE	public	GSM4714817	GSM4714818	SRP276651	GSM4714817: DDX5 KD rep 2 DRIP-seq; Homo sapiens; OTHER	FALSE	75	SRX8908664	2758258906	hg38	POS	FALSE	30877
SRX8908665	POS	S96	DRIP	Stephane Richard	U2OS	WT	siPRMT5	32747416	rl	DRIP	S9.6	FALSE	DNA	FALSE	public	GSM4714819	GSM4714821	SRP276651	GSM4714819: PRMT5 KD rep 1 DRIP-seq; Homo sapiens; OTHER	FALSE	75	SRX8908667	2758258906	hg38	POS	FALSE	52373
SRX8908666	POS	S96	DRIP	Stephane Richard	U2OS	WT	siPRMT5	32747416	rl	DRIP	S9.6	FALSE	DNA	FALSE	public	GSM4714820	GSM4714821	SRP276651	GSM4714820: PRMT5 KD rep 2 DRIP-seq; Homo sapiens; OTHER	FALSE	75	SRX8908667	2758258906	hg38	POS	FALSE	45880
SRX8908668	POS	S96	DRIP	Stephane Richard	U2OS	WT	siXRN2	32747416	rl	DRIP	S9.6	FALSE	DNA	FALSE	public	GSM4714822	GSM4714824	SRP276651	GSM4714822: XRN2 KD rep 1 DRIP-seq; Homo sapiens; OTHER	FALSE	75	SRX8908670	2758258906	hg38	POS	FALSE	46120
SRX8908669	POS	S96	DRIP	Stephane Richard	U2OS	WT	siXRN2	32747416	rl	DRIP	S9.6	FALSE	DNA	FALSE	public	GSM4714823	GSM4714824	SRP276651	GSM4714823: XRN2 KD rep 2 DRIP-seq; Homo sapiens; OTHER	FALSE	75	SRX8908670	2758258906	hg38	POS	FALSE	50030
SRX10229644	POS	D210N	MapR	Petra Beli	U2OS	WT	siCTR	NA	rl	MapR	dRNH	FALSE	DNA	FALSE	public	GSM5133332	GSM5133323	SRP309133	GSM5133332: siCtrl_RnaseH1MNase_1; Homo sapiens; OTHER	TRUE	75	SRX10229635	2758258906	hg38	POS	FALSE	63872
SRX10229645	POS	D210N	MapR	Petra Beli	U2OS	WT	siCTR	NA	rl	MapR	dRNH	FALSE	DNA	FALSE	public	GSM5133333	GSM5133324	SRP309133	GSM5133333: siCtrl_RnaseH1MNase_2; Homo sapiens; OTHER	TRUE	75	SRX10229636	2758258906	hg38	POS	FALSE	68092
SRX10229646	POS	D210N	MapR	Petra Beli	U2OS	WT	siCTR	NA	rl	MapR	dRNH	FALSE	DNA	FALSE	public	GSM5133334	GSM5133325	SRP309133	GSM5133334: siCtrl_RnaseH1MNase_3; Homo sapiens; OTHER	TRUE	75	SRX10229637	2758258906	hg38	POS	FALSE	18291
SRX10229647	POS	D210N	MapR	Petra Beli	U2OS	WT	siDDX41	NA	rl	MapR	dRNH	FALSE	DNA	FALSE	public	GSM5133335	GSM5133326	SRP309133	GSM5133335: siDDX41_RnaseH1MNase_1; Homo sapiens; OTHER	TRUE	75	SRX10229638	2758258906	hg38	POS	FALSE	47754
SRX10229648	POS	D210N	MapR	Petra Beli	U2OS	WT	siDDX41	NA	rl	MapR	dRNH	FALSE	DNA	FALSE	public	GSM5133336	GSM5133327	SRP309133	GSM5133336: siDDX41_RnaseH1MNase_2; Homo sapiens; OTHER	TRUE	75	SRX10229639	2758258906	hg38	POS	FALSE	59785
SRX10229649	POS	D210N	MapR	Petra Beli	U2OS	WT	siDDX41	NA	rl	MapR	dRNH	FALSE	DNA	FALSE	public	GSM5133337	GSM5133328	SRP309133	GSM5133337: siDDX41_RnaseH1MNase_3; Homo sapiens; OTHER	TRUE	75	SRX10229640	2758258906	hg38	POS	FALSE	53780
SRX8961670	POS	HBD	DRIPc-HBD	Kaiwei Liang	HEK293	WT	NT	33597247	rl	DRIP	dRNH	TRUE	RNA	FALSE	public	SRX8961670	NA	SRP277917	GSM4730181: HEK293T-2HBD-DRIPc-seq; Homo sapiens; OTHER	TRUE	75	NA	2758258906	hg38	POS	FALSE	6621
SRX11972865	POS	RNHMNase	MapR	Petra Beli	HCT116	WT	siCTR	NA	rl	MapR	dRNH	FALSE	DNA	FALSE	public	GSM5550783	GSM5550777	SRP334888	GSM5550783: HCT116 cells, siCtrl_RnaseH1MNase_1; Homo sapiens; OTHER	TRUE	75	SRX11972859	2758258906	hg38	POS	FALSE	5265
SRX11972869	POS	RNHMNase	MapR	Petra Beli	HCT116	WT	siDDX41	NA	rl	MapR	dRNH	FALSE	DNA	FALSE	public	GSM5550787	GSM5550781	SRP334888	GSM5550787: HCT116 cells, siDDX41_RnaseH1MNase_2; Homo sapiens; OTHER	TRUE	75	SRX11972863	2758258906	hg38	POS	FALSE	40748
SRX10505691	POS	RNHMNase	MapR	Kavitha Sarma	iPSCs	WT	NT	NA	rl	MapR	dRNH	FALSE	DNA	FALSE	public	GSM5224939	GSM5224941	SRP313259	GSM5224939: hiPSC_WT_MapR_Rep2; Homo sapiens; OTHER	TRUE	75	SRX10505693	2758258906	hg38	POS	FALSE	36879
SRX10505697	POS	RNHMNase	MapR	Kavitha Sarma	iPSCs	ADNPmut	NT	NA	rl	MapR	dRNH	FALSE	DNA	FALSE	public	GSM5224945	GSM5224947	SRP313259	GSM5224945: hiPSC_Mut_MapR_Rep2; Homo sapiens; OTHER	TRUE	75	SRX10505699	2758258906	hg38	POS	FALSE	40241
SRX7583981	POS	S96	qDRIP	Karlene Cimprich	HeLa	WT	siGL3	32544226	rl	DRIP	S9.6	TRUE	DNA	FALSE	public	GSM4276887	GSM4276889	SRP214089	GSM4276887: siGL3 qDRIP-seq (HeLa + S2) 1; Drosophila melanogaster; Homo sapiens; OTHER	TRUE	150	SRX7583983	129946309	hg38	POS	FALSE	9092
SRX7583982	POS	S96	qDRIP	Karlene Cimprich	HeLa	WT	siGL3	32544226	rl	DRIP	S9.6	TRUE	DNA	FALSE	public	GSM4276888	GSM4276890	SRP214089	GSM4276888: siGL3 qDRIP-seq (HeLa + S2) 2; Drosophila melanogaster; Homo sapiens; OTHER	TRUE	150	SRX7583984	129946309	hg38	POS	FALSE	7826
SRX9523539	POS	S96	DRIP	Yuliang Wu	HT1080	WT	NT	NA	rl	DRIP	S9.6	FALSE	DNA	FALSE	public	GSM4912693	NA	SRP292971	GSM4912693: WT cells-repeat 1; Homo sapiens; OTHER	TRUE	250	NA	2677388039	hg38	POS	FALSE	14223
