experiment,condType,control,condition,mode,lab,tissue,genotype,other,PMID,group
SRX113814,POS,NA,S96,DRIVE,Fred Chedin,NT2,WT,NT,22387027,rl
SRX113813,POS,NA,S96,DRIP,Fred Chedin,NT2,WT,NT,22387027,rl
SRX113812,POS,NA,S96,DRIP,Fred Chedin,NT2,WT,NT,22387027,rl
GSM2104456,POS,NA,S96,DRIPc,Fred Chedin,3T3,WT,NT,27373332,rl
GSM1720613,POS,NA,S96,DRIPc,Fred Chedin,NT2,WT,NT,27373332,rl
GSM1720614,POS,NA,S96,DRIPc,Fred Chedin,NT2,WT,NT,27373332,rl
GSM1720615,POS,NA,S96,DRIP,Fred Chedin,NT2,WT,NT,27373332,rl
GSM1720616,POS,NA,S96,DRIP,Fred Chedin,NT2,WT,NT,27373332,rl
GSM1720617,POS,NA,RNaseA,DRIP,Fred Chedin,NT2,WT,NT,27373332,rl
GSM1720618,NEG,NA,RNH,DRIP,Fred Chedin,NT2,WT,NT,27373332,rl
GSM1720619,POS,NA,S96,DRIP,Fred Chedin,K562,WT,NT,27373332,rl
GSM1720620,POS,NA,S96,DRIP,Fred Chedin,E14,WT,NT,27373332,rl
GSM1720621,POS,NA,S96,DRIP,Fred Chedin,3T3,WT,NT,27373332,rl
SRX2455194,NULL,NA,Input,DRIP,Lorant Szekvolgyi,JURKAT,WT,NT,28341774,rl
SRX2455195,POS,SRX2455194,S96,DRIP,Lorant Szekvolgyi,JURKAT,WT,NT,28341774,rl
SRX2455188,NULL,NA,Input,DRIP,Lorant Szekvolgyi,JURKAT,WT,NT,28341774,rl
SRX2455191,POS,SRX2455188,S96,DRIP,Lorant Szekvolgyi,JURKAT,WT,NT,28341774,rl
SRX2455190,NULL,NA,Input,DRIP,Lorant Szekvolgyi,TCELL,WT,NT,28341774,rl
SRX2455189,POS,SRX2455190,S96,DRIP,Lorant Szekvolgyi,TCELL,WT,NT,28341774,rl
SRX2455193,NULL,NA,Input,DRIP,Lorant Szekvolgyi,TCELL,WT,NT,28341774,rl
SRX2455192,POS,SRX2455193,S96,DRIP,Lorant Szekvolgyi,TCELL,WT,NT,28341774,rl
GSM1687554,POS,GSM1687555,S96,RDIP,Julie Nadel,IMR90,WT,NT,26579211,rl
GSM1687555,NULL,NA,Input,RDIP,Julie Nadel,IMR90,WT,NT,26579211,rl
GSM1687556,POS,GSM1687557,S96,RDIP,Julie Nadel,HEK293,WT,NT,26579211,rl
GSM1687557,NULL,NA,Input,RDIP,Julie Nadel,HEK293,WT,NT,26579211,rl
GSM2176714,POS,GSM2176715,S96,DRIP,Karlene Cimprich,MCF7,WT,Veh-24hr,27552054,rl
GSM2176715,NULL,NA,Input,DRIP,Karlene Cimprich,MCF7,WT,Veh-24hr,27552054,rl
GSM2176716,NEG,GSM2176715,RNH,DRIP,Karlene Cimprich,MCF7,WT,Veh-24hr,27552054,rl
GSM2176717,POS,GSM2176718,S96,DRIP,Karlene Cimprich,MCF7,WT,E2-2hr,27552054,rl
GSM2176718,NULL,NA,Input,DRIP,Karlene Cimprich,MCF7,WT,E2-2hr,27552054,rl
GSM2176719,POS,GSM2176721,S96,DRIP,Karlene Cimprich,MCF7,WT,E2-24hr,27552054,rl
GSM2176720,NEG,GSM2176721,RNH,DRIP,Karlene Cimprich,MCF7,WT,E2-24hr,27552054,rl
GSM2176721,NULL,NA,Input,DRIP,Karlene Cimprich,MCF7,WT,E2-24hr,27552054,rl
GSM1650022,POS,NA,S96,DRIP-RNA-Seq,Thomas Fazzio,E14,Tip60-H3F,NT,26551076,rl
GSM1650023,NEG,NA,RNH,DRIP-RNA-Seq,Thomas Fazzio,E14,Tip60-H3F,RNH,26551076,rl
GSM2550993,POS,GSM2550995,D210N,R-ChIP,Xiang-Dong Fu,HEK293,D210N,NT,29104020,rl
GSM2550995,NULL,NA,Input,R-ChIP,Xiang-Dong Fu,HEK293,D210N,NT,29104020,rl
GSM2550997,POS,GSM2550999,D210N,R-ChIP,Xiang-Dong Fu,HEK293,D210N,NT,29104020,rl
GSM2550999,NULL,NA,Input,R-ChIP,Xiang-Dong Fu,HEK293,D210N,NT,29104020,rl
GSM2551001,POS,GSM2551003,D210N,R-ChIP,Xiang-Dong Fu,HEK293,D210N,NT,29104020,rl
GSM2551003,NULL,NA,Input,R-ChIP,Xiang-Dong Fu,HEK293,D210N,NT,29104020,rl
GSM2551004,NEG,GSM2551005,WKKD,R-ChIP,Xiang-Dong Fu,HEK293,WKKD,NT,29104020,rl
GSM2551005,NULL,NA,Input,R-ChIP,Xiang-Dong Fu,HEK293,WKKD,NT,29104020,rl
GSM2551006,POS,NA,delta-HC,R-ChIP,Xiang-Dong Fu,HEK293,delta-HC,NT,29104020,rl
GSM2551007,POS,GSM2551009,D210N,R-ChIP,Xiang-Dong Fu,K562,D210N,NT,29104020,rl
GSM2551008,POS,GSM2551009,D210N,R-ChIP,Xiang-Dong Fu,K562,D210N,NT,29104020,rl
GSM2551009,NULL,NA,Input,R-ChIP,Xiang-Dong Fu,K562,D210N,NT,29104020,rl
GSM2551010,POS,NA,D210N,R-ChIP,Xiang-Dong Fu,HEK293,D210N,NT,29104020,rl
GSM2551011,POS,NA,D210N,R-ChIP,Xiang-Dong Fu,HEK293,D210N,NT,29104020,rl
GSM2551012,POS,NA,D210N,R-ChIP,Xiang-Dong Fu,HEK293,D210N,DRB,29104020,rl
GSM2551013,POS,NA,D210N,R-ChIP,Xiang-Dong Fu,HEK293,D210N,DRB,29104020,rl
GSM2551014,POS,NA,D210N,R-ChIP,Xiang-Dong Fu,HEK293,D210N,post-DRB,29104020,rl
GSM2551015,POS,NA,D210N,R-ChIP,Xiang-Dong Fu,HEK293,D210N,post-DRB,29104020,rl
GSM3143441,NEG,GSM2551009,WKKD,R-ChIP,Xiang-Dong Fu,K562,WKKD,NT,29104020,rl
GSM3196007,POS,NA,S96,DRIP,Giovanni Capranico,U2OS,WT,NT,30591567,rl
GSM3196008,POS,NA,S96,DRIP,Giovanni Capranico,U2OS,WT,NT,30591567,rl
GSM3196009,POS,NA,S96,DRIP,Giovanni Capranico,U2OS,WT,FG,30591567,rl
GSM3196010,POS,NA,S96,DRIP,Giovanni Capranico,U2OS,WT,FG,30591567,rl
GSM3196011,POS,NA,S96,DRIP,Giovanni Capranico,U2OS,WT,PDS,30591567,rl
GSM3196012,POS,NA,S96,DRIP,Giovanni Capranico,U2OS,WT,PDS,30591567,rl
GSM4093607,NEG,NA,RNH,DRIP,Giovanni Capranico,U2OS,WT,RNaseH,30591567,rl
GSM4093608,NEG,NA,RNH,DRIP,Giovanni Capranico,U2OS,WT,FG-RNaseH,30591567,rl
GSM4093609,NEG,NA,RNH,DRIP,Giovanni Capranico,U2OS,WT,PDS-RNaseH,30591567,rl
GSM3399098,POS,NA,S96,RDIP,Nicholas Proudfoot,HeLa,WT,siLUC,30449723,rl
GSM3399099,POS,NA,S96,RDIP,Nicholas Proudfoot,HeLa,WT,siSPT6,30449723,rl
GSM3399100,POS,NA,S96,RDIP,Nicholas Proudfoot,HeLa,WT,siLUC,30449723,rl
GSM3399101,POS,NA,S96,RDIP,Nicholas Proudfoot,HeLa,WT,siSPT6,30449723,rl
GSM3306021,POS,GSM4085182,S96,DRIP,Vivian Cheung,B-Cell,WT,NT,30108179,rl
GSM4085182,NULL,NA,Input,DRIP,Vivian Cheung,B-Cell,WT,NT,30108179,rl
GSM2738369,POS,NA,S96,DRIP,Fred Chedin,HEK293,WT,NT,30060749,rl
GSM2738370,POS,NA,S96,DRIP,Fred Chedin,HEK293,WT,siCTR,30060749,rl
GSM2738371,POS,NA,S96,DRIP,Fred Chedin,HEK293,WT,siTOP1,30060749,rl
GSM2738372,POS,NA,S96,DRIP,Fred Chedin,HEK293,WT,siTOP1,30060749,rl
GSM2738373,POS,NA,S96,DRIPc,Fred Chedin,HEK293,WT,NT,30060749,rl
GSM2738374,POS,NA,S96,DRIPc,Fred Chedin,HEK293,WT,siCTR,30060749,rl
GSM2738375,POS,NA,S96,DRIPc,Fred Chedin,HEK293,WT,siTOP1,30060749,rl
GSM2738376,POS,NA,S96,DRIPc,Fred Chedin,HEK293,WT,siTOP1,30060749,rl
GSM1683483,POS,GSM1683486,S96,DRIP,Alex Bishop,TC32,WT,DMSO,29513652,rl
GSM1683484,POS,GSM1683486,S96,DRIP,Alex Bishop,TC32,WT,Etop-50nM-6hr,29513652,rl
GSM1683485,NEG,GSM1683486,RNH,DRIP,Alex Bishop,TC32,WT,DMSO,29513652,rl
GSM1683486,NULL,NA,Input,DRIP,Alex Bishop,TC32,WT,DMSO,29513652,rl
GSM1683487,POS,GSM1683490,S96,DRIP,Alex Bishop,EWS502,WT,DMSO,29513652,rl
GSM1683488,POS,GSM1683490,S96,DRIP,Alex Bishop,EWS502,WT,Etop-250nM-6hr,29513652,rl
GSM1683489,NEG,GSM1683490,RNH,DRIP,Alex Bishop,EWS502,WT,DMSO,29513652,rl
GSM1683490,NULL,NA,Input,DRIP,Alex Bishop,EWS502,WT,DMSO,29513652,rl
GSM1683491,POS,GSM1683494,S96,DRIP,Alex Bishop,CHLA10,WT,DMSO,29513652,rl
GSM1683492,POS,GSM1683494,S96,DRIP,Alex Bishop,CHLA10,WT,Etop-150nM-6hr,29513652,rl
GSM1683493,NEG,GSM1683494,RNH,DRIP,Alex Bishop,CHLA10,WT,DMSO,29513652,rl
GSM1683494,NULL,NA,Input,DRIP,Alex Bishop,CHLA10,WT,DMSO,29513652,rl
GSM1683495,POS,GSM1683498,S96,DRIP,Alex Bishop,IMR90,WT,DMSO,29513652,rl
GSM1683496,POS,GSM1683498,S96,DRIP,Alex Bishop,IMR90,WT,Etop-6uM-6hr,29513652,rl
GSM1683497,NEG,GSM1683498,RNH,DRIP,Alex Bishop,IMR90,WT,DMSO,29513652,rl
GSM1683498,NULL,NA,Input,DRIP,Alex Bishop,IMR90,WT,DMSO,29513652,rl
GSM1683499,POS,GSM1683508,S96,DRIP,Alex Bishop,U2OS,WT,DMSO-EV,29513652,rl
GSM1683500,POS,GSM1683508,S96,DRIP,Alex Bishop,U2OS,WT,Etop-6uM-6hr-EV,29513652,rl
GSM1683501,POS,GSM1683508,S96,DRIP,Alex Bishop,U2OS,WT,DMSO-siCTR,29513652,rl
GSM1683502,POS,GSM1683508,S96,DRIP,Alex Bishop,U2OS,WT,Etop-6uM-6hr-siCTR,29513652,rl
GSM1683503,POS,GSM1683508,S96,DRIP,Alex Bishop,U2OS,WT,DMSO-siEWSR1,29513652,rl
GSM1683504,POS,GSM1683508,S96,DRIP,Alex Bishop,U2OS,WT,Etop-6uM-6hr-siEWSR1,29513652,rl
GSM1683505,POS,GSM1683508,S96,DRIP,Alex Bishop,U2OS,WT,DMSO-siEWSR1,29513652,rl
GSM1683506,POS,GSM1683508,S96,DRIP,Alex Bishop,U2OS,WT,Etop-6uM-6hr-siEWSR1,29513652,rl
GSM1683507,NEG,GSM1683508,RNH,DRIP,Alex Bishop,U2OS,WT,DMSO,29513652,rl
GSM1683508,NULL,NA,Input,DRIP,Alex Bishop,U2OS,WT,DMSO,29513652,rl
GSM2574364,POS,NA,S96,DRIP,Martin Bushell,U2OS,WT,DMSO-siCTR,29416038,rl
GSM2574365,POS,NA,S96,DRIP,Martin Bushell,U2OS,WT,4-OHT-siCTR,29416038,rl
GSM2574366,POS,NA,S96,DRIP,Martin Bushell,U2OS,WT,DMSO-siDrosha,29416038,rl
GSM2574367,POS,NA,S96,DRIP,Martin Bushell,U2OS,WT,4-OHT-siDrosha,29416038,rl
GSM2452072,POS,GSM2452073,S96,DRIP,Karlene Cimprich,HeLa,WT,siCTR,28802045,rl
GSM2452073,NULL,NA,Input,DRIP,Karlene Cimprich,HeLa,WT,siCTR,28802045,rl
GSM2668157,POS,GSM2668158,S96,DRIP,Karlene Cimprich,HeLa,WT,siCTR,28802045,rl
GSM2668158,NULL,NA,Input,DRIP,Karlene Cimprich,HeLa,WT,siCTR,28802045,rl
GSM2537882,POS,NA,S96,DRIP,Rong Li,STR,WT,BSC117,28649985,rl
GSM2537883,POS,NA,S96,DRIP,Rong Li,BE,WT,BSC117,28649985,rl
GSM2537884,POS,NA,S96,DRIP,Rong Li,LP,WT,BSC117,28649985,rl
GSM2537885,POS,NA,S96,DRIP,Rong Li,ML,WT,BSC117,28649985,rl
GSM2537886,POS,NA,S96,DRIP,Rong Li,STR,WT,BSC119,28649985,rl
GSM2537887,POS,NA,S96,DRIP,Rong Li,BE,WT,BSC119,28649985,rl
GSM2537888,POS,NA,S96,DRIP,Rong Li,LP,WT,BSC119,28649985,rl
GSM2537889,POS,NA,S96,DRIP,Rong Li,ML,WT,BSC119,28649985,rl
GSM2537890,POS,NA,S96,DRIP,Rong Li,STR,WT,BSC132,28649985,rl
GSM2537891,POS,NA,S96,DRIP,Rong Li,BE,WT,BSC132,28649985,rl
GSM2537892,POS,NA,S96,DRIP,Rong Li,LP,WT,BSC132,28649985,rl
GSM2537893,POS,NA,S96,DRIP,Rong Li,ML,WT,BSC132,28649985,rl
GSM2537894,POS,NA,S96,DRIP,Rong Li,STR,WT,BSC134,28649985,rl
GSM2537895,POS,NA,S96,DRIP,Rong Li,BE,WT,BSC134,28649985,rl
GSM2537896,POS,NA,S96,DRIP,Rong Li,LP,WT,BSC134,28649985,rl
GSM2537897,POS,NA,S96,DRIP,Rong Li,ML,WT,BSC134,28649985,rl
GSM2537898,POS,NA,S96,DRIP,Rong Li,STR,BRCA1,BSC107,28649985,rl
GSM2537899,POS,NA,S96,DRIP,Rong Li,BE,BRCA1,BSC107,28649985,rl
GSM2537900,POS,NA,S96,DRIP,Rong Li,LP,BRCA1,BSC107,28649985,rl
GSM2537901,POS,NA,S96,DRIP,Rong Li,ML,BRCA1,BSC107,28649985,rl
GSM2537902,POS,NA,S96,DRIP,Rong Li,STR,BRCA1,BSC115,28649985,rl
GSM2537903,POS,NA,S96,DRIP,Rong Li,BE,BRCA1,BSC115,28649985,rl
GSM2537904,POS,NA,S96,DRIP,Rong Li,LP,BRCA1,BSC115,28649985,rl
GSM2537905,POS,NA,S96,DRIP,Rong Li,ML,BRCA1,BSC115,28649985,rl
GSM2537906,POS,NA,S96,DRIP,Rong Li,STR,BRCA1,BSC120,28649985,rl
GSM2537907,POS,NA,S96,DRIP,Rong Li,BE,BRCA1,BSC120,28649985,rl
GSM2537908,POS,NA,S96,DRIP,Rong Li,LP,BRCA1,BSC120,28649985,rl
GSM2537909,POS,NA,S96,DRIP,Rong Li,BL,BRCA1,BSC120,28649985,rl
GSM2537910,POS,NA,S96,DRIP,Rong Li,STR,BRCA1,BSC127,28649985,rl
GSM2537911,POS,NA,S96,DRIP,Rong Li,BE,BRCA1,BSC127,28649985,rl
GSM2537912,POS,NA,S96,DRIP,Rong Li,LP,BRCA1,BSC127,28649985,rl
GSM2537913,POS,NA,S96,DRIP,Rong Li,ML,BRCA1,BSC127,28649985,rl
GSM2537916,NEG,NA,RNH,DRIP,Rong Li,LP,BRCA1,BSC127,28649985,rl
GSM2537917,NEG,NA,RNH,DRIP,Rong Li,ML,BRCA1,BSC127,28649985,rl
GSM2326823,NULL,NA,Input,DRIP,John Staropoli,SHS5Y5,WT,shCTR,28270613,rl
GSM2326824,NULL,NA,Input,DRIP,John Staropoli,SHS5Y5,WT,shCTR,28270613,rl
GSM2326825,NULL,NA,Input,DRIP,John Staropoli,SHS5Y5,WT,shSMN,28270613,rl
GSM2326826,NULL,NA,Input,DRIP,John Staropoli,SHS5Y5,WT,shSMN,28270613,rl
GSM2326827,NULL,GSM2326823,IgG,DRIP,John Staropoli,SHS5Y5,WT,shCTR,28270613,rl
GSM2326828,NULL,GSM2326824,IgG,DRIP,John Staropoli,SHS5Y5,WT,shCTR,28270613,rl
GSM2326829,NULL,GSM2326825,IgG,DRIP,John Staropoli,SHS5Y5,WT,shSMN,28270613,rl
GSM2326830,NULL,GSM2326826,IgG,DRIP,John Staropoli,SHS5Y5,WT,shSMN,28270613,rl
GSM2326831,POS,GSM2326823,S96,DRIP,John Staropoli,SHS5Y5,WT,shCTR,28270613,rl
GSM2326832,POS,GSM2326824,S96,DRIP,John Staropoli,SHS5Y5,WT,shCTR,28270613,rl
GSM2326833,POS,GSM2326825,S96,DRIP,John Staropoli,SHS5Y5,WT,shSMN,28270613,rl
GSM2326834,POS,GSM2326826,S96,DRIP,John Staropoli,SHS5Y5,WT,shSMN,28270613,rl
GSM1380853,NULL,NA,Input,DRIP,Fred Chedin,Fibroblast,WT,Pool,26182405,rl
GSM1380854,POS,GSM1380853,S96,DRIP,Fred Chedin,Fibroblast,WT,Healthy,26182405,rl
GSM1380855,POS,GSM1380853,S96,DRIP,Fred Chedin,Fibroblast,TREX1,AGS1-P1,26182405,rl
GSM1380856,POS,GSM1380853,S96,DRIP,Fred Chedin,Fibroblast,RNASEH2B,AGS2-P1,26182405,rl
GSM1380857,POS,GSM1380853,S96,DRIP,Fred Chedin,Fibroblast,RNASEH2B,AGS2-P2,26182405,rl
GSM1380858,POS,GSM1380853,S96,DRIP,Fred Chedin,Fibroblast,RNASEH2A,AGS4-P1,26182405,rl
GSM1380859,POS,GSM1380853,S96,DRIP,Fred Chedin,Fibroblast,RNASEH2A,AGS4-P2,26182405,rl
GSM1380860,POS,GSM1380853,S96,DRIP,Fred Chedin,Fibroblast,SAMHD1,AGS5-P1,26182405,rl
GSM1395356,POS,GSM1380853,S96,DRIP,Fred Chedin,Fibroblast,WT,Healthy,26182405,rl
GSM1643592,POS,GSM1380853,S96,DRIP,Fred Chedin,Fibroblast,SAMHD1,AGS5-P2,26182405,rl
GSM1643591,POS,GSM1380853,S96,DRIP,Fred Chedin,Fibroblast,TREX1,AGS1-P2,26182405,rl
GSM1108095,NULL,NA,Input,DRIP,Fred Chedin,NT2,WT,NT,26182405,rl
GSM1108096,POS,GSM1108095,S96,DRIP,Fred Chedin,NT2,WT,NT,26182405,rl
GSM1108097,NULL,NA,Input,DRIP,Fred Chedin,NT2,WT,NT,26182405,rl
GSM1108098,POS,GSM1108097,S96,DRIP,Fred Chedin,NT2,WT,NT,26182405,rl
GSM1108099,POS,GSM1108097,S96,DRIP,Fred Chedin,NT2,WT,NT,26182405,rl
GSM2559370,NULL,NA,Input,R-ChIP,Xiang-Dong Fu,HEK293,D210N,SRSF2-P95H-DOX,29395063,rl
GSM2559371,NULL,NA,Input,R-ChIP,Xiang-Dong Fu,HEK293,D210N,SRSF2-P95H-DOX,29395063,rl
GSM2559372,POS,GSM2559370,D210N,R-ChIP,Xiang-Dong Fu,HEK293,D210N,SRSF2-P95H-DOX,29395063,rl
GSM2559373,POS,GSM2559371,D210N,R-ChIP,Xiang-Dong Fu,HEK293,D210N,SRSF2-P95H-DOX,29395063,rl
GSM2559374,NULL,NA,Input,R-ChIP,Xiang-Dong Fu,HEK293,D210N,SRSF2-P95H-CTR,29395063,rl
GSM2559375,NULL,NA,Input,R-ChIP,Xiang-Dong Fu,HEK293,D210N,SRSF2-P95H-CTR,29395063,rl
GSM2559376,POS,GSM2559374,D210N,R-ChIP,Xiang-Dong Fu,HEK293,D210N,SRSF2-P95H-CTR,29395063,rl
GSM2559377,POS,GSM2559375,D210N,R-ChIP,Xiang-Dong Fu,HEK293,D210N,SRSF2-P95H-CTR,29395063,rl
GSM2559382,NULL,NA,Input,R-ChIP,Xiang-Dong Fu,HEK293,D210N,SRSF2-WT-DOX,29395063,rl
GSM2559383,NULL,NA,Input,R-ChIP,Xiang-Dong Fu,HEK293,D210N,SRSF2-WT-DOX,29395063,rl
GSM2559384,POS,GSM2559382,D210N,R-ChIP,Xiang-Dong Fu,HEK293,D210N,SRSF2-WT-DOX,29395063,rl
GSM2559385,POS,GSM2559383,D210N,R-ChIP,Xiang-Dong Fu,HEK293,D210N,SRSF2-WT-DOX,29395063,rl
GSM2559386,NULL,NA,Input,R-ChIP,Xiang-Dong Fu,HEK293,D210N,SRSF2-WT-CTR,29395063,rl
GSM2559387,NULL,NA,Input,R-ChIP,Xiang-Dong Fu,HEK293,D210N,SRSF2-WT-CTR,29395063,rl
GSM2559388,POS,GSM2559386,D210N,R-ChIP,Xiang-Dong Fu,HEK293,D210N,SRSF2-WT-CTR,29395063,rl
GSM2559389,POS,GSM2559387,D210N,R-ChIP,Xiang-Dong Fu,HEK293,D210N,SRSF2-WT-CTR,29395063,rl
GSM2559392,POS,GSM2559394,D210N,R-ChIP,Xiang-Dong Fu,HEK293,D210N,U2AF-35Q157P-DOX,29395063,rl
GSM2559393,POS,GSM2559394,D210N,R-ChIP,Xiang-Dong Fu,HEK293,D210N,U2AF-35Q157P-DOX,29395063,rl
GSM2559394,NULL,NA,Input,R-ChIP,Xiang-Dong Fu,HEK293,D210N,U2AF-35Q157P-CTR,29395063,rl
GSM2559395,POS,GSM2559394,D210N,R-ChIP,Xiang-Dong Fu,HEK293,D210N,U2AF-35Q157P-CTR,29395063,rl
GSM2559396,POS,GSM2559394,D210N,R-ChIP,Xiang-Dong Fu,HEK293,D210N,U2AF-35Q157P-CTR,29395063,rl
GSM2559399,POS,GSM2559401,D210N,R-ChIP,Xiang-Dong Fu,HEK293,D210N,U2AF-WT-DOX,29395063,rl
GSM2559400,POS,GSM2559401,D210N,R-ChIP,Xiang-Dong Fu,HEK293,D210N,U2AF-WT-DOX,29395063,rl
GSM2559401,NULL,NA,Input,R-ChIP,Xiang-Dong Fu,HEK293,D210N,U2AF-WT-CTR,29395063,rl
GSM2559402,POS,GSM2559401,D210N,R-ChIP,Xiang-Dong Fu,HEK293,D210N,U2AF-WT-CTR,29395063,rl
GSM2559403,POS,GSM2559401,D210N,R-ChIP,Xiang-Dong Fu,HEK293,D210N,U2AF-WT-CTR,29395063,rl
GSM2559406,POS,GSM2559410,D210N,R-ChIP,Xiang-Dong Fu,HEK293,D210N,U2AF-35S34F-DOX,29395063,rl
GSM2559407,POS,GSM2559410,D210N,R-ChIP,Xiang-Dong Fu,HEK293,D210N,U2AF-35S34F-DOX,29395063,rl
GSM2559408,POS,GSM2559410,D210N,R-ChIP,Xiang-Dong Fu,HEK293,D210N,U2AF-35S34F-CTR,29395063,rl
GSM2559409,POS,GSM2559410,D210N,R-ChIP,Xiang-Dong Fu,HEK293,D210N,U2AF-35S34F-CTR,29395063,rl
GSM2559410,NULL,NA,Input,R-ChIP,Xiang-Dong Fu,HEK293,D210N,U2AF-35S34F-CTR,29395063,rl
GSM4212858,NULL,NA,Input,R-ChIP,Scott Floyd,HeLa,D210N,DMSO,32966794,rl
GSM4212859,POS,GSM4212858,D210N,R-ChIP,Scott Floyd,HeLa,D210N,DMSO,32966794,rl
GSM4212862,NULL,NA,Input,R-ChIP,Scott Floyd,HeLa,D210N,dBET,32966794,rl
GSM4212863,POS,GSM4212862,D210N,R-ChIP,Scott Floyd,HeLa,D210N,dBET,32966794,rl
GSM3681019,POS,NA,D210N,RR-ChIP,Nicholas Proudfoot,HeLa,D210N,NT,31679819,rl
GSM3681020,POS,NA,D210N,RR-ChIP,Nicholas Proudfoot,HeLa,D210N,NT,31679819,rl
GSM3681021,NEG,NA,WKKD,RR-ChIP,Nicholas Proudfoot,HeLa,WKKD,NT,31679819,rl
GSM4048018,NEG,NA,RNH,RR-ChIP,Nicholas Proudfoot,HeLa,RNHGFP,NT,31679819,rl
GSM4048019,NEG,NA,RNH,RDIP,Nicholas Proudfoot,HeLa,RNHGFP,NT,31679819,rl
GSM4048020,NEG,NA,RNH,RR-ChIP,Nicholas Proudfoot,HeLa,RNHGFP,NT,31679819,rl
GSM4048021,NEG,NA,RNH,RDIP,Nicholas Proudfoot,HeLa,RNHGFP,NT,31679819,rl
GSM4295072,NEG,NA,RNH,RDIP,Nicholas Proudfoot,HeLa,RNHoe,NT,31679819,rl
GSM3406747,POS,GSM3406748,D210N,MapR,Kavitha Sarma,HEK293,WT,NT,31665646,rl
GSM3406748,NULL,NA,Input,MapR,Kavitha Sarma,HEK293,WT,NT,31665646,rl
GSM3406749,POS,GSM3406751,D210N,MapR,Kavitha Sarma,HEK293,WT,NT,31665646,rl
GSM3406750,POS,GSM3406752,D210N,MapR,Kavitha Sarma,HEK293,WT,NT,31665646,rl
GSM3406751,NULL,NA,Input,MapR,Kavitha Sarma,HEK293,WT,NT,31665646,rl
GSM3406752,NULL,NA,Input,MapR,Kavitha Sarma,HEK293,WT,NT,31665646,rl
GSM3406753,POS,GSM3406754,D210N,MapR,Kavitha Sarma,HEK293,WT,NT,31665646,rl
GSM3406754,NULL,NA,Input,MapR,Kavitha Sarma,HEK293,WT,NT,31665646,rl
GSM3406755,POS,GSM3406756,FLAG,RNH-CnR,Kavitha Sarma,HEK293,RNHdFLAG,NT,31665646,rl
GSM3406756,NULL,NA,Input,RNH-CnR,Kavitha Sarma,HEK293,RNHdFLAG,NT,31665646,rl
GSM3406757,POS,GSM3406758,FLAG,RNH-CnR,Kavitha Sarma,HEK293,RNHdFLAG,NT,31665646,rl
GSM3406758,NULL,NA,Input,RNH-CnR,Kavitha Sarma,HEK293,RNHdFLAG,NT,31665646,rl
GSM3406759,POS,NA,FLAG,RNH-CnR,Kavitha Sarma,HEK293,RNHdFLAG,NT,31665646,rl
GSM3406760,NEG,GSM3406761,RNH,MapR,Kavitha Sarma,HEK293,WT,exoRNH,31665646,rl
GSM3406761,NULL,NA,Input,MapR,Kavitha Sarma,HEK293,WT,exoRNH,31665646,rl
GSM3406762,NEG,GSM3406763,RNH,MapR,Kavitha Sarma,HEK293,WT,exoRNH,31665646,rl
GSM3406763,NULL,NA,Input,MapR,Kavitha Sarma,HEK293,WT,exoRNH,31665646,rl
GSM3406764,NEG,GSM3406765,ActD,MapR,Kavitha Sarma,HEK293,WT,ActD,31665646,rl
GSM3406765,NULL,NA,Input,MapR,Kavitha Sarma,HEK293,WT,ActD,31665646,rl
GSM3406766,NEG,GSM3406767,ActD,MapR,Kavitha Sarma,HEK293,WT,ActD,31665646,rl
GSM3406767,NULL,NA,Input,MapR,Kavitha Sarma,HEK293,WT,ActD,31665646,rl
GSM3406768,POS,GSM3406770,D210N,MapR,Kavitha Sarma,U87,WT,NT,31665646,rl
GSM3406769,POS,GSM3406771,D210N,MapR,Kavitha Sarma,U87,WT,NT,31665646,rl
GSM3406770,NULL,NA,Input,MapR,Kavitha Sarma,U87,WT,NT,31665646,rl
GSM3406771,NULL,NA,Input,MapR,Kavitha Sarma,U87,WT,NT,31665646,rl
GSM3406772,POS,GSM3406773,D210N,MapR,Kavitha Sarma,U87,WT,NT,31665646,rl
GSM3406773,NULL,NA,Input,MapR,Kavitha Sarma,U87,WT,NT,31665646,rl
GSM3406774,POS,GSM3406775,D210N,MapR,Kavitha Sarma,U87,WT,NT100K,31665646,rl
GSM3406775,NULL,NA,Input,MapR,Kavitha Sarma,U87,WT,NT100K,31665646,rl
GSM3406776,NEG,GSM3406777,RNH,MapR,Kavitha Sarma,U87,WT,exoRNH,31665646,rl
GSM3406777,NULL,NA,Input,MapR,Kavitha Sarma,U87,WT,exoRNH,31665646,rl
GSM3406778,NEG,GSM3406779,RNH,MapR,Kavitha Sarma,U87,WT,exoRNH,31665646,rl
GSM3406779,NULL,NA,Input,MapR,Kavitha Sarma,U87,WT,exoRNH,31665646,rl
GSM3406780,NEG,GSM3406781,ActD,MapR,Kavitha Sarma,U87,WT,ActD,31665646,rl
GSM3406781,NULL,NA,Input,MapR,Kavitha Sarma,U87,WT,ActD,31665646,rl
GSM3406782,NEG,GSM3406783,ActD,MapR,Kavitha Sarma,U87,WT,ActD,31665646,rl
GSM3406783,NULL,NA,Input,MapR,Kavitha Sarma,U87,WT,ActD,31665646,rl
GSM3937232,POS,NA,S96,ssDRIP,Yun-Gui Yang,HeLa,shCTRL,NT,31606733,rl
GSM3937233,POS,NA,S96,ssDRIP,Yun-Gui Yang,HeLa,shCTRL,NT,31606733,rl
GSM3937234,POS,NA,S96,ssDRIP,Yun-Gui Yang,HeLa,shCTRL,NT,31606733,rl
GSM3937237,POS,NA,S96,ssDRIP,Yun-Gui Yang,HeLa,shMETTL3,NT,31606733,rl
GSM3937238,POS,NA,S96,ssDRIP,Yun-Gui Yang,HeLa,shMETTL3,NT,31606733,rl
GSM3937239,POS,NA,S96,ssDRIP,Yun-Gui Yang,HeLa,shMETTL3,NT,31606733,rl
GSM3937240,POS,NA,S96,ssDRIP,Yun-Gui Yang,HeLa,shCTRL,EV,31606733,rl
GSM3937241,POS,NA,S96,ssDRIP,Yun-Gui Yang,HeLa,shCTRL,EV,31606733,rl
GSM3937242,POS,NA,S96,ssDRIP,Yun-Gui Yang,HeLa,shMETTL3,EV,31606733,rl
GSM3937243,POS,NA,S96,ssDRIP,Yun-Gui Yang,HeLa,shMETTL3,EV,31606733,rl
GSM3937244,POS,NA,S96,ssDRIP,Yun-Gui Yang,HeLa,shMETTL3,mutMETTL3OE,31606733,rl
GSM3937246,POS,NA,S96,ssDRIP,Yun-Gui Yang,HeLa,shMETTL3,wtMETTL3OE,31606733,rl
GSM3937247,POS,NA,S96,ssDRIP,Yun-Gui Yang,HeLa,shMETTL3,wtMETTL3OE,31606733,rl
GSM3937245,POS,NA,S96,ssDRIP,Yun-Gui Yang,HeLa,shMETTL3,mutMETTL3OE,31606733,rl
GSM3772637,POS,NA,S96,DRIPc,Fred Chedin,NT2,WT,RNaseA,32105733,rl
SRX1761639,POS,SRX1761646,S96,S1-DRIP,Douglas Koshland,SC,WT,NT,27298336,rl
SRX1761640,POS,SRX1761646,S96,S1-DRIP,Douglas Koshland,SC,WT,NT,27298336,rl
SRX1761641,NEG,NA,RNH,S1-DRIP,Douglas Koshland,SC,rnh1rnh201,NT,27298336,rl
SRX1761642,NULL,NA,Input,S1-DRIP,Douglas Koshland,SC,rnh1rnh201,NT,27298336,rl
SRX1761643,POS,SRX1761646,S96,S1-DRIP,Douglas Koshland,SC,WT,NT,27298336,rl
SRX1761644,POS,SRX1761646,S96,S1-DRIP,Douglas Koshland,SC,WT,NT,27298336,rl
SRX1761645,NEG,SRX1761646,RNH,S1-DRIP,Douglas Koshland,SC,WT,NT,27298336,rl
SRX1761646,NULL,NA,Input,S1-DRIP,Douglas Koshland,SC,WT,NT,27298336,rl
SRX1761648,POS,SRX1761642,S96,S1-DRIP,Douglas Koshland,SC,rnh1rnh201,NT,27298336,rl
SRX1761649,POS,SRX1761642,S96,S1-DRIP,Douglas Koshland,SC,rnh1rnh201,NT,27298336,rl
SRX1761650,POS,SRX1761642,S96,S1-DRIP,Douglas Koshland,SC,rnh1rnh201,NT,27298336,rl
SRX1761651,POS,SRX1761642,S96,S1-DRIP,Douglas Koshland,SC,rnh1rnh201,NT,27298336,rl
SRX1995061,NULL,NA,Input,DRIP,Susan Gasser,CE,WT,NT,27668659,rl
SRX1995062,NULL,NA,Input,DRIP,Susan Gasser,CE,met2set25,NT,27668659,rl
SRX1995063,POS,SRX1995061,S96,DRIP,Susan Gasser,CE,WT,NT,27668659,rl
SRX1995064,POS,SRX1995062,S96,DRIP,Susan Gasser,CE,met2set25,NT,27668659,rl
SRX1995065,NEG,SRX1995061,RNH,DRIP,Susan Gasser,CE,WT,NT,27668659,rl
SRX1995066,NEG,SRX1995062,RNH,DRIP,Susan Gasser,CE,met2set25,NT,27668659,rl
GSM4340311,POS,GSM4340304,S96,ssDRIP,Guang-Hui Liu,hESCs,WT,NT,32640235,rl
GSM4340312,POS,GSM4340304,S96,ssDRIP,Guang-Hui Liu,hESCs,WT,NT,32640235,rl
GSM4340313,POS,GSM4340304,S96,ssDRIP,Guang-Hui Liu,hESCs,WT,NT,32640235,rl
GSM4340314,POS,GSM4340304,S96,ssDRIP,Guang-Hui Liu,hESCs,WT,NT,32640235,rl
GSM4340315,POS,GSM4340305,S96,ssDRIP,Guang-Hui Liu,iPSCs,WT,NT,32640235,rl
GSM4340316,POS,GSM4340305,S96,ssDRIP,Guang-Hui Liu,iPSCs,WT,NT,32640235,rl
GSM4340317,POS,GSM4340305,S96,ssDRIP,Guang-Hui Liu,iPSCs,WT,NT,32640235,rl
GSM4340318,POS,GSM4340305,S96,ssDRIP,Guang-Hui Liu,iPSCs,WT,NT,32640235,rl
GSM4340319,POS,GSM4340306,S96,ssDRIP,Guang-Hui Liu,MSCs,WT,NT,32640235,rl
GSM4340320,POS,GSM4340306,S96,ssDRIP,Guang-Hui Liu,MSCs,WT,NT,32640235,rl
GSM4340321,POS,GSM4340307,S96,ssDRIP,Guang-Hui Liu,NSCs,WT,NT,32640235,rl
GSM4340322,POS,GSM4340307,S96,ssDRIP,Guang-Hui Liu,NSCs,WT,NT,32640235,rl
GSM4340323,POS,GSM4340307,S96,ssDRIP,Guang-Hui Liu,NSCs,WT,NT,32640235,rl
GSM4340324,POS,GSM4340307,S96,ssDRIP,Guang-Hui Liu,NSCs,WT,NT,32640235,rl
GSM4340309,POS,GSM4340303,S96,ssDRIP,Guang-Hui Liu,VECs,WT,NT,32640235,rl
GSM4340310,POS,GSM4340303,S96,ssDRIP,Guang-Hui Liu,VECs,WT,NT,32640235,rl
GSM4340325,POS,GSM4340308,S96,ssDRIP,Guang-Hui Liu,VSMCs,WT,NT,32640235,rl
GSM4340326,POS,GSM4340308,S96,ssDRIP,Guang-Hui Liu,VSMCs,WT,NT,32640235,rl
GSM3633997,POS,GSM3634001,S96,sDRIP,Nicole Francis,2-6H,WT,NT,32286294,rl
GSM3633998,NEG,GSM3634000,RNH,sDRIP,Nicole Francis,2-6H,WT,NT,32286294,rl
GSM3633999,NEG,GSM3634001,RNH,sDRIP,Nicole Francis,2-6H,WT,NT,32286294,rl
GSM3634000,NULL,NA,Input,sDRIP,Nicole Francis,2-6H,WT,NT,32286294,rl
GSM3634001,NULL,NA,Input,sDRIP,Nicole Francis,2-6H,WT,NT,32286294,rl
GSM3634002,POS,GSM3634006,S96,sDRIP,Nicole Francis,10-14H,WT,NT,32286294,rl
GSM3634003,POS,GSM3634007,S96,sDRIP,Nicole Francis,10-14H,WT,NT,32286294,rl
GSM3634004,NEG,GSM3634006,RNH,sDRIP,Nicole Francis,10-14H,WT,NT,32286294,rl
GSM3634005,NEG,GSM3634007,RNH,sDRIP,Nicole Francis,10-14H,WT,NT,32286294,rl
GSM3634006,NULL,NA,Input,sDRIP,Nicole Francis,10-14H,WT,NT,32286294,rl
GSM3634007,NULL,NA,Input,sDRIP,Nicole Francis,10-14H,WT,NT,32286294,rl
GSM3634008,POS,GSM3634012,S96,sDRIP,Nicole Francis,S2,WT,NT,32286294,rl
GSM3634009,POS,GSM3634013,S96,sDRIP,Nicole Francis,S2,WT,NT,32286294,rl
GSM3634010,NEG,GSM3634012,RNH,sDRIP,Nicole Francis,S2,WT,NT,32286294,rl
GSM3634011,NEG,GSM3634013,RNH,sDRIP,Nicole Francis,S2,WT,NT,32286294,rl
GSM3634012,NULL,NA,Input,sDRIP,Nicole Francis,S2,WT,NT,32286294,rl
GSM3634013,NULL,NA,Input,sDRIP,Nicole Francis,S2,WT,NT,32286294,rl
GSM3633996,POS,GSM3634000,S96,sDRIP,Nicole Francis,S2,WT,NT,32286294,rl
GSM4474220,POS,GSM4474223,S96,DRIP,Yong Zhao,HEK293,I-PpoI,siMETTL3,32615088,rl
GSM4474218,POS,GSM4474222,S96,DRIP,Yong Zhao,HEK293,I-PpoI,siCTR,32615088,rl
GSM4474217,POS,GSM4474222,S96,DRIP,Yong Zhao,HEK293,WT,siCTR,32615088,rl
GSM4474223,NULL,NA,Input,DRIP,Yong Zhao,HEK293,WT,siMETTL3,32615088,rl
GSM4474221,NEG,NA,RNH,DRIP,Yong Zhao,HEK293,RNH1,NT,32615088,rl
GSM4474222,NULL,NA,Input,DRIP,Yong Zhao,HEK293,WT,siCTR,32615088,rl
GSM4474219,POS,GSM4474223,S96,DRIP,Yong Zhao,HEK293,WT,siMETTL3,32615088,rl
GSM3724905,POS,NA,S96,DRIP,Ying Liu,U2OS,WT,siCTR,32398827,rl
GSM3724907,POS,NA,S96,DRIP,Ying Liu,U2OS,WT,siRTEL1,32398827,rl
GSM3724908,NEG,NA,RNH,DRIP,Ying Liu,U2OS,WT,siRTEL1,32398827,rl
GSM3724909,POS,NA,S96,DRIP,Ying Liu,U2OS,WT,siRTEL1-APH,32398827,rl
GSM3724910,NEG,NA,RNH,DRIP,Ying Liu,U2OS,WT,siRTEL1-APH,32398827,rl
GSM3724906,NEG,NA,RNH,DRIP,Ying Liu,U2OS,WT,siCTR,32398827,rl
GSM2630109,POS,GSM2630114,S96,DRIP,Fernando Azorin,S2,WT,RNH,28819201,rl
GSM2630110,NULL,NA,Input,DRIP,Fernando Azorin,S2,dsH1,NT,28819201,rl
GSM2630111,POS,GSM2630114,S96,DRIP,Fernando Azorin,S2,WT,NT,28819201,rl
GSM2630112,POS,GSM2630110,S96,DRIP,Fernando Azorin,S2,dsH1,NT,28819201,rl
GSM2630113,POS,GSM2630110,S96,DRIP,Fernando Azorin,S2,dsH1,RNH,28819201,rl
GSM2630114,NULL,NA,Input,DRIP,Fernando Azorin,S2,WT,NT,28819201,rl
GSM2630115,POS,GSM2630120,S96,DRIP,Fernando Azorin,S2,WT,RNH,28819201,rl
GSM2630116,NULL,NA,Input,DRIP,Fernando Azorin,S2,dsH1,NT,28819201,rl
GSM2630117,POS,GSM2630120,S96,DRIP,Fernando Azorin,S2,WT,NT,28819201,rl
GSM2630118,POS,GSM2630116,S96,DRIP,Fernando Azorin,S2,dsH1,NT,28819201,rl
GSM2630119,POS,GSM2630116,S96,DRIP,Fernando Azorin,S2,dsH1,RNH,28819201,rl
GSM2630120,NULL,NA,Input,DRIP,Fernando Azorin,S2,WT,NT,28819201,rl
ERX2277510,POS,NA,S96,DRIP,Gaelle Legube,U2OS,AsiSI-ER,DMSO,29416069,rl
ERX2277511,POS,NA,S96,DRIP,Gaelle Legube,U2OS,AsiSI-ER,4-OHT,29416069,rl
SRX4671912,NULL,NA,Input,DRIP,Alexey Ruzov,iPSCs,WT,NA,31844323,rl
SRX4671914,POS,SRX4671912,S96,DRIP,Alexey Ruzov,iPSCs,WT,NA,31844323,rl
SRX4671915,POS,SRX4671912,S96,DRIP,Alexey Ruzov,iPSCs,WT,NA,31844323,rl
SRX4671916,NEG,SRX4671912,RNH,DRIP,Alexey Ruzov,iPSCs,WT,NA,31844323,rl
SRX4671917,NEG,SRX4671912,RNH,DRIP,Alexey Ruzov,iPSCs,WT,NA,31844323,rl
SRX6451999,NULL,SRX4671912,IgG,DRIP,Alexey Ruzov,iPSCs,WT,NA,31844323,rl
SRX6452000,NULL,SRX4671912,IgG,DRIP,Alexey Ruzov,iPSCs,WT,NA,31844323,rl
SRX6452007,POS,SRX4671912,S96,DRIP,Alexey Ruzov,iPSCs,WT,SiM3-S1,31844323,rl
SRX6452008,POS,SRX4671912,S96,DRIP,Alexey Ruzov,iPSCs,WT,SiM3-S2,31844323,rl
GSM3936507,POS,GSM3936510,S96,qDRIP,Karlene Cimprich,HeLa,WT,siGL3,32544226,rl
GSM3936508,POS,GSM3936510,S96,qDRIP,Karlene Cimprich,HeLa,WT,siGL3,32544226,rl
GSM3936509,NEG,GSM3936510,RNH,qDRIP,Karlene Cimprich,HeLa,WT,siGL3,32544226,rl
GSM3936510,NULL,NA,Input,qDRIP,Karlene Cimprich,HeLa,WT,siGL3,32544226,rl
GSM3936511,POS,GSM3936513,S96,qDRIP,Karlene Cimprich,HeLa,WT,DMSO,32544226,rl
GSM3936512,POS,GSM3936513,S96,qDRIP,Karlene Cimprich,HeLa,WT,DMSO,32544226,rl
GSM3936513,NULL,NA,Input,qDRIP,Karlene Cimprich,HeLa,WT,DMSO,32544226,rl
GSM3936514,POS,GSM3936517,S96,qDRIP,Karlene Cimprich,HeLa,WT,DRB,32544226,rl
GSM3936515,POS,GSM3936517,S96,qDRIP,Karlene Cimprich,HeLa,WT,DRB,32544226,rl
GSM3936516,NEG,GSM3936517,RNH,qDRIP,Karlene Cimprich,HeLa,WT,DRB,32544226,rl
GSM3936517,NULL,NA,Input,qDRIP,Karlene Cimprich,HeLa,WT,DRB,32544226,rl
GSM4276883,POS,GSM4276884,S96,qDRIP,Karlene Cimprich,HeLa,WT,NT,32544226,rl
GSM4276884,NULL,NA,Input,qDRIP,Karlene Cimprich,HeLa,WT,NT,32544226,rl
GSM4276885,NEG,GSM4276884,RNH,qDRIP,Karlene Cimprich,HeLa,WT,NT,32544226,rl
GSM4276886,NEG,GSM4276884,RNH,qDRIP,Karlene Cimprich,HeLa,WT,NT,32544226,rl
GSM4276887,POS,GSM4276889,S96,qDRIP,Karlene Cimprich,HeLa,WT,siGL3,32544226,rl
GSM4276888,POS,GSM4276890,S96,qDRIP,Karlene Cimprich,HeLa,WT,siGL3,32544226,rl
GSM4276889,NULL,NA,Input,qDRIP,Karlene Cimprich,HeLa,WT,siGL3,32544226,rl
GSM4276890,NULL,NA,Input,qDRIP,Karlene Cimprich,HeLa,WT,siGL3,32544226,rl
GSM4006728,POS,NA,S96,DRIP,James Manley,U87,WT,siCTR,32686621,rl
GSM4006729,POS,NA,S96,DRIP,James Manley,U87,WT,siCTR,32686621,rl
GSM4006730,POS,NA,S96,DRIP,James Manley,U87,WT,siSETX,32686621,rl
GSM4006731,POS,NA,S96,DRIP,James Manley,U87,WT,siSETX,32686621,rl
GSM4714811,POS,GSM4714813,S96,DRIP,Stephane Richard,U2OS,WT,siCTR,32747416,rl
GSM4714812,POS,GSM4714813,S96,DRIP,Stephane Richard,U2OS,WT,siCTR,32747416,rl
GSM4714813,NULL,NA,Input,DRIP,Stephane Richard,U2OS,WT,siCTR,32747416,rl
GSM4714814,NEG,GSM4714813,RNH,DRIP,Stephane Richard,U2OS,WT,siCTR,32747416,rl
GSM4714815,NEG,GSM4714813,RNH,DRIP,Stephane Richard,U2OS,WT,siCTR,32747416,rl
GSM4714816,POS,GSM4714818,S96,DRIP,Stephane Richard,U2OS,WT,siDDX5,32747416,rl
GSM4714817,POS,GSM4714818,S96,DRIP,Stephane Richard,U2OS,WT,siDDX5,32747416,rl
GSM4714818,NULL,NA,Input,DRIP,Stephane Richard,U2OS,WT,siDDX5,32747416,rl
GSM4714819,POS,GSM4714821,S96,DRIP,Stephane Richard,U2OS,WT,siPRMT5,32747416,rl
GSM4714820,POS,GSM4714821,S96,DRIP,Stephane Richard,U2OS,WT,siPRMT5,32747416,rl
GSM4714821,NULL,NA,Input,DRIP,Stephane Richard,U2OS,WT,siPRMT5,32747416,rl
GSM4714822,POS,GSM4714824,S96,DRIP,Stephane Richard,U2OS,WT,siXRN2,32747416,rl
GSM4714823,POS,GSM4714824,S96,DRIP,Stephane Richard,U2OS,WT,siXRN2,32747416,rl
GSM4714824,NULL,NA,Input,DRIP,Stephane Richard,U2OS,WT,siXRN2,32747416,rl
GSM3734314,POS,NA,S96,sDRIP,Timothy Heffernan,PATC53,WT,DMSO 1d,34330913,rl
GSM3734315,POS,NA,S96,sDRIP,Fred Chedin,PATC53,WT,DMSO 3d,34330913,rl
GSM3734317,POS,NA,S96,sDRIP,Fred Chedin,PATC53,WT,DMSO 1d,34330913,rl
GSM3734318,POS,NA,S96,sDRIP,Fred Chedin,PATC53,WT,Inh 1d,34330913,rl
GSM3734319,POS,NA,S96,sDRIP,Fred Chedin,PATC53,WT,Inh 1d,34330913,rl
GSM3734320,POS,NA,S96,sDRIP,Fred Chedin,PATC53,WT,DMSO 3d,34330913,rl
GSM3734321,POS,NA,S96,sDRIP,Fred Chedin,PATC53,WT,Inh 3d,34330913,rl
GSM3734316,POS,NA,S96,sDRIP,Fred Chedin,PATC53,WT,Inh 3d,34330913,rl
GSM2891659,NULL,NA,Input,DRIP,Philippe Pasero,HeLa,WT,shCTR,32769985,rl
GSM2891660,POS,GSM2891659,S96,DRIP,Philippe Pasero,HeLa,WT,shASF,32769985,rl
GSM2891661,POS,GSM2891659,S96,DRIP,Philippe Pasero,HeLa,WT,shCTR,32769985,rl
GSM2891662,POS,GSM2891659,S96,DRIP,Philippe Pasero,HeLa,WT,shTOP1,32769985,rl
GSM2891663,NULL,NA,Input,DRIP,Philippe Pasero,HeLa,WT,shASF,32769985,rl
GSM2891664,POS,GSM2891663,S96,DRIP,Philippe Pasero,HeLa,WT,shASF,32769985,rl
GSM2891665,NULL,NA,Input,DRIP,Philippe Pasero,HeLa,WT,shCTR,32769985,rl
GSM2891666,POS,GSM2891665,S96,DRIP,Philippe Pasero,HeLa,WT,shCTR,32769985,rl
GSM2891667,NULL,NA,Input,DRIP,Philippe Pasero,HeLa,WT,shTOP1,32769985,rl
GSM2891668,POS,GSM2891667,S96,DRIP,Philippe Pasero,HeLa,WT,shTOP1,32769985,rl
GSM3579337,POS,NA,S96,ssDRIP,Hongjie Yao,MEF,WT,OSKM-D0,32704541,rl
GSM3579338,POS,NA,S96,ssDRIP,Hongjie Yao,MEF,WT,OSKM-D0,32704541,rl
GSM3579339,POS,NA,S96,ssDRIP,Hongjie Yao,MEF,WT,OSKM-D1,32704541,rl
GSM3579340,POS,NA,S96,ssDRIP,Hongjie Yao,MEF,WT,OSKM-D1,32704541,rl
GSM3579341,POS,NA,S96,ssDRIP,Hongjie Yao,MEF,WT,OSKM-D3,32704541,rl
GSM3579342,POS,NA,S96,ssDRIP,Hongjie Yao,MEF,WT,OSKM-D3,32704541,rl
GSM3579343,POS,NA,S96,ssDRIP,Hongjie Yao,MEF,WT,OSKM-D5,32704541,rl
GSM3579344,POS,NA,S96,ssDRIP,Hongjie Yao,MEF,WT,OSKM-D5,32704541,rl
GSM3579345,POS,NA,S96,ssDRIP,Hongjie Yao,MEF,WT,OSKM-D7,32704541,rl
GSM3579346,POS,NA,S96,ssDRIP,Hongjie Yao,MEF,WT,OSKM-D7,32704541,rl
GSM3579347,POS,NA,S96,ssDRIP,Hongjie Yao,iPSCs,WT,NT,32704541,rl
GSM3579348,POS,NA,S96,ssDRIP,Hongjie Yao,iPSCs,WT,NT,32704541,rl
GSM3579349,POS,NA,D209N,ssDRIP,Hongjie Yao,MEF,WT,OSKM-D1+D209N,32704541,rl
GSM3579350,POS,NA,D209N,ssDRIP,Hongjie Yao,MEF,WT,OSKM-D1+D209N,32704541,rl
GSM3579351,POS,NA,D209N,ssDRIP,Hongjie Yao,MEF,WT,OSKM-D3+D209N,32704541,rl
GSM3579352,POS,NA,D209N,ssDRIP,Hongjie Yao,MEF,WT,OSKM-D3+D209N,32704541,rl
GSM3579353,POS,NA,D209N,ssDRIP,Hongjie Yao,MEF,WT,OSKM-D7+D209N,32704541,rl
GSM3579354,POS,NA,D209N,ssDRIP,Hongjie Yao,MEF,WT,OSKM-D7+D209N,32704541,rl
GSM3579355,NEG,NA,RNH,ssDRIP,Hongjie Yao,MEF,WT,OSKM-D1+RNH,32704541,rl
GSM3579356,NEG,NA,RNH,ssDRIP,Hongjie Yao,MEF,WT,OSKM-D1+RNH,32704541,rl
GSM3579357,NEG,NA,RNH,ssDRIP,Hongjie Yao,MEF,WT,OSKM-D3+RNH,32704541,rl
GSM3579358,NEG,NA,RNH,ssDRIP,Hongjie Yao,MEF,WT,OSKM-D3+RNH,32704541,rl
GSM3579359,NEG,NA,RNH,ssDRIP,Hongjie Yao,MEF,WT,OSKM-D7+RNH,32704541,rl
GSM3579360,NEG,NA,RNH,ssDRIP,Hongjie Yao,MEF,WT,OSKM-D7+RNH,32704541,rl
GSM3579361,POS,NA,S96,ssDRIP,Hongjie Yao,MEF,WT,OSKM-D1,32704541,rl
GSM3579362,POS,NA,S96,ssDRIP,Hongjie Yao,MEF,WT,OSKM-D1,32704541,rl
GSM3579363,POS,NA,S96,ssDRIP,Hongjie Yao,MEF,WT,OSKM-D3,32704541,rl
GSM3579364,POS,NA,S96,ssDRIP,Hongjie Yao,MEF,WT,OSKM-D3,32704541,rl
GSM3579365,POS,NA,S96,ssDRIP,Hongjie Yao,MEF,WT,OSKM-D7,32704541,rl
GSM3579366,POS,NA,S96,ssDRIP,Hongjie Yao,MEF,WT,OSKM-D7,32704541,rl
GSM3579367,NEG,NA,RNH,ssDRIP,Hongjie Yao,MEF,WT,OSKM-D5+RNH,32704541,rl
GSM3579368,NEG,NA,RNH,ssDRIP,Hongjie Yao,MEF,WT,OSKM-D5+RNH,32704541,rl
GSM3579369,POS,NA,S96,ssDRIP,Hongjie Yao,MEF,WT,OSKM-D9,32704541,rl
GSM3579370,POS,NA,S96,ssDRIP,Hongjie Yao,MEF,WT,OSKM-D9,32704541,rl
GSM4478670,POS,NA,S96,DRIP,Fred Chedin,K562,WT,NT,NA,rl
GSM4478671,POS,NA,S96,DRIP,Fred Chedin,K562,WT,PladB-2h,NA,rl
GSM4478672,POS,NA,S96,DRIP,Fred Chedin,K562,WT,PladB-4h,NA,rl
GSM4478673,POS,NA,S96,DRIP,Fred Chedin,K562,WT,NT,NA,rl
GSM4478674,POS,NA,S96,DRIP,Fred Chedin,K562,WT,DMSO-2h,NA,rl
GSM4478675,POS,NA,S96,DRIP,Fred Chedin,K562,WT,DMSO-4h,NA,rl
GSM4478676,POS,NA,S96,DRIP,Fred Chedin,K562,WT,PladB-2h,NA,rl
GSM4478677,POS,NA,S96,DRIP,Fred Chedin,K562,WT,PladB-4h,NA,rl
GSM4478686,POS,NA,S96,sDRIP,Fred Chedin,K562,WT,NT,NA,rl
GSM4478687,POS,NA,S96,sDRIP,Fred Chedin,K562,WT,DMSO-4h,NA,rl
GSM4478688,POS,NA,S96,sDRIP,Fred Chedin,K562,WT,PladB-4h,NA,rl
GSM4478689,POS,NA,S96,sDRIP,Fred Chedin,K562,WT,NT,NA,rl
GSM4478690,POS,NA,S96,sDRIP,Fred Chedin,K562,WT,DMSO-4h,NA,rl
GSM4023581,POS,NA,S96,DRIPc,Andres Aguilera,K562,WT,siCTR,33301444,rl
GSM4023582,POS,NA,S96,DRIPc,Andres Aguilera,K562,WT,siUAP56,33301444,rl
GSM4023583,POS,NA,S96,DRIPc,Andres Aguilera,K562,WT,siCTR,33301444,rl
GSM4023584,POS,NA,S96,DRIPc,Andres Aguilera,K562,WT,siUAP56,33301444,rl
GSM4023585,POS,NA,S96,DRIP,Andres Aguilera,K562,WT,NT,33301444,rl
GSM4023586,NEG,NA,RNH,DRIP,Andres Aguilera,K562,WT,siCTR,33301444,rl
GSM4567039,NEG,NA,RNH,DRIPc,Andres Aguilera,K562,WT,siCTR,33301444,rl
GSM4567040,NEG,NA,RNH,DRIPc,Andres Aguilera,K562,WT,siUAP56,33301444,rl
GSM4849022,POS,NA,S96,DRIPc,Andres Aguilera,YMK612_S,WT,NT,34294712,rl
GSM4849023,NEG,NA,RNH,DRIPc,Andres Aguilera,YMK612_S,WT,NT,34294712,rl
GSM4849024,POS,NA,S96,DRIPc,Andres Aguilera,YMK612_S,WT,NT,34294712,rl
GSM4849025,POS,NA,S96,DRIPc,Andres Aguilera,YMK612_S,hpr1,NT,34294712,rl
GSM4849026,NEG,NA,RNH,DRIPc,Andres Aguilera,YMK612_S,hpr1,NT,34294712,rl
GSM4849027,POS,NA,S96,DRIPc,Andres Aguilera,YMK612_S,hpr1,NT,34294712,rl
GSM4849028,POS,NA,S96,DRIPc,Andres Aguilera,YMK612_S,sen1,NT,34294712,rl
GSM4849029,NEG,NA,RNH,DRIPc,Andres Aguilera,YMK612_S,sen1,NT,34294712,rl
GSM4849030,POS,NA,S96,DRIPc,Andres Aguilera,YMK612_S,sen1,NT,34294712,rl
GSM5238371,POS,NA,S96,DRIPc,Andres Aguilera,YMK612_G1,WT,NT,34294712,rl
GSM5238372,POS,NA,S96,DRIPc,Andres Aguilera,YMK612_G1,hpr1,NT,34294712,rl
SRX7582132,POS,NA,DRNA,DRNA,Leila Kianmehr,Sperm,WT,6 month-old,34205454,rl
SRX7582133,POS,NA,DRNA,DRNA,Leila Kianmehr,Sperm,WT,14 month-old,34205454,rl
SRX7582139,POS,NA,DRNA,DRNA,Leila Kianmehr,Testis,WT,6 month-old,34205454,rl
SRX7582140,POS,NA,DRNA,DRNA,Leila Kianmehr,Testis,WT,6 month-old,34205454,rl
SRX7582141,POS,NA,DRNA,DRNA,Leila Kianmehr,Testis,WT,14 month-old,34205454,rl
SRX7582131,POS,NA,DRNA,DRNA,Leila Kianmehr,Sperm,WT,6 month-old,34205454,rl
SRX7582134,POS,NA,DRNA,DRNA,Leila Kianmehr,Sperm,WT,14 month-old,34205454,rl
SRX7582142,POS,NA,DRNA,DRNA,Leila Kianmehr,Testis,WT,14 month-old,34205454,rl
SRX7582144,POS,NA,DRNA,DRNA,Leila Kianmehr,Sperm,WT,NA,34205454,rl
SRX7582143,POS,NA,DRNA,DRNA,Leila Kianmehr,Sperm,WT,NA,34205454,rl
SRX8776131,POS,NA,S96,DRIPc,Andres Aguilera,K562,WT,siC,33986538,rl
SRX8755309,POS,NA,S96,DRIPc,Andres Aguilera,K562,WT,siC,33986538,rl
SRX8755310,POS,NA,S96,DRIPc,Andres Aguilera,K562,WT,SiBRG1,33986538,rl
SRX8776130,POS,NA,S96,DRIP,Andres Aguilera,K562,WT,SiBRG1,33986538,rl
SRX8776132,NEG,NA,RNH,DRIP,Andres Aguilera,K562,WT,siC,33986538,rl
GSM5133323,NULL,NA,pAMNase,MapR,Petra Beli,U2OS,WT,siCTR,NA,rl
GSM5133324,NULL,NA,pAMNase,MapR,Petra Beli,U2OS,WT,siCTR,NA,rl
GSM5133325,NULL,NA,pAMNase,MapR,Petra Beli,U2OS,WT,siCTR,NA,rl
GSM5133326,NULL,NA,pAMNase,MapR,Petra Beli,U2OS,WT,siDDX41,NA,rl
GSM5133327,NULL,NA,pAMNase,MapR,Petra Beli,U2OS,WT,siDDX41,NA,rl
GSM5133328,NULL,NA,pAMNase,MapR,Petra Beli,U2OS,WT,siDDX41,NA,rl
GSM5133329,NEG,NA,ActD,MapR,Petra Beli,U2OS,WT,ActD,NA,rl
GSM5133330,NEG,NA,ActD,MapR,Petra Beli,U2OS,WT,ActD,NA,rl
GSM5133331,NEG,NA,ActD,MapR,Petra Beli,U2OS,WT,ActD,NA,rl
GSM5133332,POS,GSM5133323,D210N,MapR,Petra Beli,U2OS,WT,siCTR,NA,rl
GSM5133333,POS,GSM5133324,D210N,MapR,Petra Beli,U2OS,WT,siCTR,NA,rl
GSM5133334,POS,GSM5133325,D210N,MapR,Petra Beli,U2OS,WT,siCTR,NA,rl
GSM5133335,POS,GSM5133326,D210N,MapR,Petra Beli,U2OS,WT,siDDX41,NA,rl
GSM5133336,POS,GSM5133327,D210N,MapR,Petra Beli,U2OS,WT,siDDX41,NA,rl
GSM5133337,POS,GSM5133328,D210N,MapR,Petra Beli,U2OS,WT,siDDX41,NA,rl
GSM5133338,NEG,GSM5133329,ActD,MapR,Petra Beli,U2OS,WT,ActD,NA,rl
GSM5133339,NEG,GSM5133330,ActD,MapR,Petra Beli,U2OS,WT,ActD,NA,rl
GSM5133340,NEG,GSM5133331,ActD,MapR,Petra Beli,U2OS,WT,ActD,NA,rl
GSM5259796,POS,NA,S96,RLCnT-S96,ELSASSER,mESCs,WT,NT,NA,rl
GSM5259797,POS,NA,S96,RLCnT-S96,ELSASSER,mESCs,WT,NT,NA,rl
GSM1654607,POS,NA,S96,DRIP,Rong Li,mMECs,WT,NT,NA,rl
GSM1654608,NEG,NA,RNH,DRIP,Rong Li,mMECs,WT,NT,NA,rl
GSM4801428,POS,NA,S96,DRIPc,Vincent Vanoosthuyse,HeLa,WT,NT,33411340,rl
GSM4801429,POS,NA,S96,DRIPc,Vincent Vanoosthuyse,HeLa,WT,NT,33411340,rl
GSM4801430,POS,NA,S96,DRIPc,Vincent Vanoosthuyse,HeLa,WT,NT,33411340,rl
GSM4801431,NEG,NA,RNH,DRIP,Vincent Vanoosthuyse,HeLa,WT,NT,33411340,rl
GSM4801432,POS,NA,S96,DRIP,Vincent Vanoosthuyse,HeLa,WT,NT,33411340,rl
GSM4801433,POS,NA,S96,DRIP,Vincent Vanoosthuyse,HeLa,WT,NT,33411340,rl
GSM4801434,POS,NA,S96,DRIPc,Vincent Vanoosthuyse,K562,WT,NT,33411340,rl
GSM4801435,POS,NA,S96,DRIPc,Vincent Vanoosthuyse,K562,WT,NT,33411340,rl
GSM4801436,POS,NA,S96,DRIPc,Vincent Vanoosthuyse,K562,WT,NT,33411340,rl
SRX8961669,NULL,NA,IgG,RLCnT-HBD,Kaiwei Liang,HEK293,WT,NT,33597247,rl
SRX8961670,POS,NA,HBD,DRIPc-HBD,Kaiwei Liang,HEK293,WT,NT,33597247,rl
SRX8961671,POS,SRX8961675,HBD,RLCnT-HBD,Kaiwei Liang,HEK293,WT,NT,33597247,rl
SRX8961672,NEG,SRX8961676,RNaseA,RLCnT-HBD,Kaiwei Liang,HEK293,WT,NT,33597247,rl
SRX8961673,POS,SRX8961675,HBD,RLCnT-HBD,Kaiwei Liang,HEK293,WT,NT,33597247,rl
SRX8961674,NEG,SRX8961676,RNaseA,RLCnT-HBD,Kaiwei Liang,HEK293,WT,NT,33597247,rl
SRX8961675,NULL,NA,Input,RLCnT-HBD,Kaiwei Liang,HEK293,WT,NT,33597247,rl
SRX8961676,NULL,NA,Input,RLCnT-HBD,Kaiwei Liang,HEK293,WT,NT,33597247,rl
SRX8961677,POS,NA,S96,RLCnT-S96,Kaiwei Liang,HEK293,WT,NT,33597247,rl
SRX8961678,NEG,NA,RNaseA,RLCnT-S96,Kaiwei Liang,HEK293,WT,NT,33597247,rl
SRX8961679,NEG,NA,S96-t1,RLCnT-S96,Kaiwei Liang,HEK293,WT,NT,33597247,rl
SRX8961680,NEG,NA,S96-t2,RLCnT-S96,Kaiwei Liang,HEK293,WT,NT,33597247,rl
SRX8961681,POS,NA,S96-t3,RLCnT-S96,Kaiwei Liang,HEK293,WT,NT,33597247,rl
SRX8961682,NEG,NA,S96-t4,RLCnT-S96,Kaiwei Liang,HEK293,WT,NT,33597247,rl
SRX8961683,NEG,NA,S96-t5,RLCnT-S96,Kaiwei Liang,HEK293,WT,NT,33597247,rl
SRX8961684,POS,NA,S96-t6,RLCnT-S96,Kaiwei Liang,HEK293,WT,NT,33597247,rl
SRX8961685,NEG,NA,S96-t7,RLCnT-S96,Kaiwei Liang,HEK293,WT,NT,33597247,rl
SRX8961686,NEG,NA,S96-t8,RLCnT-S96,Kaiwei Liang,HEK293,WT,NT,33597247,rl
SRX8961687,POS,NA,HBD,RLCnT-HBD,Kaiwei Liang,HEK293,WT,NT,33597247,rl
SRX8961688,NEG,NA,RNaseA,RLCnT-HBD,Kaiwei Liang,HEK293,WT,NT,33597247,rl
SRX8961689,POS,NA,HBD,RLCnT-HBD,Kaiwei Liang,HEK293,WT,NT,33597247,rl
SRX8961690,NEG,NA,RNaseA,RLCnT-HBD,Kaiwei Liang,HEK293,WT,NT,33597247,rl
SRX8961691,POS,NA,S96,RLCnT-S96,Kaiwei Liang,HEK293,WT,NT,33597247,rl
SRX8961692,NEG,NA,RNaseA,RLCnT-S96,Kaiwei Liang,HEK293,WT,NT,33597247,rl
SRX9417242,POS,NA,HBD,RLCnT-HBD,Kaiwei Liang,HEK293,WT,NT,33597247,rl
SRX9417230,NEG,NA,RNH,RLCnT-HBD,Kaiwei Liang,HEK293,WT,NT,33597247,rl
SRX9417231,POS,NA,S96,RLCnT-S96,Kaiwei Liang,HEK293,WT,NT,33597247,rl
SRX9417232,NEG,NA,RNH,RLCnT-S96,Kaiwei Liang,HEK293,WT,NT,33597247,rl
SRX9417235,POS,NA,HBD,DRIPc-HBD,Kaiwei Liang,HEK293,WT,NT,33597247,rl
SRX9417236,POS,NA,S96,DRIPc,Kaiwei Liang,HEK293,WT,NT,33597247,rl
SRX9417237,NULL,NA,Input,DRIP,Kaiwei Liang,HEK293,WT,NT,33597247,rl
SRX9417238,POS,SRX9417237,S96,DRIP,Kaiwei Liang,HEK293,WT,NT,33597247,rl
SRX9417239,NULL,NA,Input,DRIP,Kaiwei Liang,HEK293,WT,NT,33597247,rl
SRX9417240,POS,SRX9417239,S96,DRIP,Kaiwei Liang,HEK293,WT,NT,33597247,rl
GSM2991935,POS,NA,Pos,DREAM,Anjana Rao,MCF7,WT,NT,NA,rl
GSM2991936,NEG,NA,RNH,DREAM,Anjana Rao,MCF7,WT,NT,NA,rl
SRX9411832,POS,NA,RNHMNase,BisMapR,Kavitha Sarma,mESCs,WT,NT,33620319,rl
SRX9411833,POS,NA,RNHMNase,BisMapR,Kavitha Sarma,mESCs,WT,NT,33620319,rl
SRX9411834,POS,NA,RNHMNase,MapR,Kavitha Sarma,mESCs,WT,NT,33620319,rl
SRX9411835,POS,NA,RNHMNase,MapR,Kavitha Sarma,mESCs,WT,NT,33620319,rl
SRX9411836,POS,NA,RNHMNase,BisMapR,Kavitha Sarma,mESCs,WT,NT,33620319,rl
SRX9411837,NULL,NA,pAMNase,MapR,Kavitha Sarma,mESCs,WT,NT,33620319,rl
SRX9933745,NEG,NA,RNHdMNase,MapR,Kavitha Sarma,mESCs,WT,NT,33620319,rl
GSM2797360,POS,NA,Pos,DREAM,Anjana Rao,B-Cell,WT,LPS,NA,rl
GSM2797361,NEG,NA,RNH,DREAM,Anjana Rao,B-Cell,WT,LPS,NA,rl
GSM2797362,POS,NA,Pos,DREAM,Anjana Rao,B-Cell,WT,LPS,NA,rl
GSM2797363,NEG,NA,RNH,DREAM,Anjana Rao,B-Cell,WT,LPS,NA,rl
GSM2797364,POS,NA,Pos,DREAM,Anjana Rao,B-Cell,WT,LPS,NA,rl
GSM2797365,NEG,NA,RNH,DREAM,Anjana Rao,B-Cell,WT,LPS,NA,rl
GSM2797366,POS,NA,Pos,DREAM,Anjana Rao,B-Cell,WT,NT,NA,rl
GSM2797367,NEG,NA,RNH,DREAM,Anjana Rao,B-Cell,WT,NT,NA,rl
GSM2797368,POS,NA,Pos,DREAM,Anjana Rao,B-Cell,WT,NT,NA,rl
GSM2797369,NEG,NA,RNH,DREAM,Anjana Rao,B-Cell,WT,NT,NA,rl
GSM3521374,POS,NA,S96,DRIP,Craig Peterson,SC,WT anchor away,NT,31167142,rl
GSM3521375,POS,NA,S96,DRIP,Craig Peterson,SC,WT anchor away,NT,31167142,rl
GSM3521376,NEG,NA,RNH,DRIP,Craig Peterson,SC,WT anchor away,NT,31167142,rl
GSM3521377,NEG,NA,RNH,DRIP,Craig Peterson,SC,WT anchor away,NT,31167142,rl
GSM3521378,POS,NA,S96,DRIP,Craig Peterson,SC,hst4-delta HST3-FRB,NT,31167142,rl
GSM3521379,POS,NA,S96,DRIP,Craig Peterson,SC,hst4-delta HST3-FRB,NT,31167142,rl
GSM3521380,NEG,NA,RNH,DRIP,Craig Peterson,SC,hst4-delta HST3-FRB,NT,31167142,rl
GSM3521381,NEG,NA,RNH,DRIP,Craig Peterson,SC,hst4-delta HST3-FRB,NT,31167142,rl
GSM3443311,POS,NA,S96,ssDRIP,Weiqiang Qian,Seedlings,WT,NT,31106272,rl
GSM3443312,POS,NA,S96,ssDRIP,Weiqiang Qian,Seedlings,alba1-1/alba2-1,NT,31106272,rl
GSM3045537,POS,NA,S96,dDRIP,Wenli Zhang,seedlings,WT,NT,31262943,rl
GSM3045538,POS,NA,S96,dDRIP,Wenli Zhang,seedlings,WT,NT,31262943,rl
GSM3045539,POS,NA,S96,dDRIP,Wenli Zhang,calli,WT,NT,31262943,rl
GSM3045543,NEG,NA,RNH,dDRIP,Wenli Zhang,calli,WT,NT,31262943,rl
GSM3045540,POS,NA,S96,dDRIP,Wenli Zhang,calli,WT,NT,31262943,rl
GSM3045541,NEG,NA,RNH,dDRIP,Wenli Zhang,seedlings,WT,NT,31262943,rl
GSM3045542,NEG,NA,RNH,dDRIP,Wenli Zhang,seedlings,WT,NT,31262943,rl
GSM3082827,POS,GSM3082829,S96,DRIP,Julian Sale,DT40,WT,NT,30478192,rl
GSM3082828,POS,GSM3082829,S96,DRIP,Julian Sale,DT40,WT,NT,30478192,rl
GSM3082829,NULL,NA,Input,DRIP,Julian Sale,DT40,WT,NT,30478192,rl
GSM3082830,POS,GSM3082832,S96,DRIP,Julian Sale,DT40,PRIMPOL,NT,30478192,rl
GSM3082831,POS,GSM3082832,S96,DRIP,Julian Sale,DT40,PRIMPOL,NT,30478192,rl
GSM3082832,NULL,NA,Input,DRIP,Julian Sale,DT40,PRIMPOL,NT,30478192,rl
GSM3082833,NEG,GSM3082829,RNH,DRIP,Julian Sale,DT40,WT,NT,30478192,rl
GSM3082834,NEG,GSM3082832,RNH,DRIP,Julian Sale,DT40,PRIMPOL,NT,30478192,rl
GSM3082824,POS,NA,S96,RDIP,Julian Sale,iPSCs,WT,NT,30478192,rl
GSM3082825,POS,NA,S96,RDIP,Julian Sale,iPSCs,PRIMPOL,NT,30478192,rl
GSM3082826,NEG,NA,RNH,RDIP,Julian Sale,iPSCs,WT,NT,30478192,rl
GSM3109274,POS,GSM3109275,S96,DRIP,Andres Aguilera,SC,WT,NT,29954833,rl
GSM3109275,NULL,NA,Input,DRIP,Andres Aguilera,SC,WT,NT,29954833,rl
GSM2699069,POS,NA,S96,DRIPc,Fred Chedin,SP,dis3-54,RNaseA,NA,rl
GSM2699070,POS,NA,S96,DRIPc,Fred Chedin,SP,WT,RNaseA,NA,rl
GSM2699071,POS,NA,S96,DRIPc,Fred Chedin,SP,WT,RNaseA,NA,rl
GSM2699072,POS,NA,S96,DRIPc,Fred Chedin,SP,E.coli rnhA o/e,RNaseA,NA,rl
GSM2699073,POS,NA,S96,DRIPc,Fred Chedin,SP,rnh1delta rnh201delta,RNaseA,NA,rl
GSM2699074,POS,NA,S96,DRIPc,Fred Chedin,SP,rnh1delta rnh201delta,RNaseA,NA,rl
GSM2699075,POS,NA,S96,DRIPc,Fred Chedin,SP,rrp6delta,RNaseA,NA,rl
GSM2699076,POS,NA,S96,DRIPc,Fred Chedin,SP,rrp6delta,RNaseA,NA,rl
GSM2699077,NEG,NA,RNH,DRIPc,Fred Chedin,SP,WT,RNaseA-RNH,NA,rl
GSM2699078,NEG,NA,RNH,DRIPc,Fred Chedin,SP,WT,RNaseA-RNH,NA,rl
GSM2699079,NEG,NA,RNH,DRIPc,Fred Chedin,SP,E.coli rnhA o/e,RNaseA-RNH,NA,rl
GSM2699080,NEG,NA,RNH,DRIPc,Fred Chedin,SP,rnh1delta rnh201delta,RNaseA-RNH,NA,rl
GSM2699081,NEG,NA,RNH,DRIPc,Fred Chedin,SP,rnh1delta rnh201delta,RNaseA-RNH,NA,rl
GSM2699082,NEG,NA,RNH,DRIPc,Fred Chedin,SP,rrp6delta,RNaseA-RNH,NA,rl
GSM2699083,NEG,NA,RNH,DRIPc,Fred Chedin,SP,rrp6delta,RNaseA-RNH,NA,rl
GSM2699084,NEG,NA,RNH,DRIPc,Fred Chedin,SP,WT,RNaseA-RNH,NA,rl
GSM2699085,NEG,NA,RNH,DRIPc,Fred Chedin,SP,E.coli rnhA o/e,RNaseA-RNH,NA,rl
GSM2699086,NEG,NA,RNH,DRIPc,Fred Chedin,SP,rnh1delta rnh201delta,RNaseA-RNH,NA,rl
GSM2525600,POS,GSM2643434,S96,DRIP,Qianwen Sun,seedlings,WT,NT,28848233,rl
GSM2525601,POS,GSM2643434,S96,DRIP,Qianwen Sun,seedlings,WT,NT,28848233,rl
GSM2525602,NEG,GSM2643434,RNH,DRIP,Qianwen Sun,seedlings,WT,NT,28848233,rl
GSM2525603,NEG,GSM2643434,RNH,DRIP,Qianwen Sun,seedlings,WT,NT,28848233,rl
GSM2643434,NULL,NA,Input,DRIP,Qianwen Sun,seedlings,WT,NT,28848233,rl
GSM2470607,NEG,NA,RNH,DRIP,Mario Halic,SP,WT,NT,28404620,rl
GSM2470608,POS,NA,S96,DRIP,Mario Halic,SP,WT,NT,28404620,rl
GSM2470609,NEG,NA,RNH,DRIP,Mario Halic,SP,caf1Ddcr1D,NT,28404620,rl
GSM2470610,POS,NA,S96,DRIP,Mario Halic,SP,caf1Ddcr1D,NT,28404620,rl
GSM2470611,NEG,NA,RNH,DRIP,Mario Halic,SP,WT,NT,28404620,rl
GSM2470612,POS,NA,S96,DRIP,Mario Halic,SP,WT,NT,28404620,rl
GSM2470613,NEG,NA,RNH,DRIP,Mario Halic,SP,caf1Ddcr1D,NT,28404620,rl
GSM2470614,POS,NA,S96,DRIP,Mario Halic,SP,caf1Ddcr1D,NT,28404620,rl
GSM4422786,POS,NA,S96,ssDRIP,Qianwen Sun,Danio Embryo (256 stage),WT,NT,NA,rl
GSM4422787,POS,NA,S96,ssDRIP,Qianwen Sun,Danio Embryo (256 stage),WT,NT,NA,rl
GSM4422788,POS,NA,S96,ssDRIP,Qianwen Sun,Danio Embryo (Sphere stage),WT,NT,NA,rl
GSM4422789,POS,NA,S96,ssDRIP,Qianwen Sun,Danio Embryo (Sphere stage),WT,NT,NA,rl
GSM4422790,POS,NA,S96,ssDRIP,Qianwen Sun,Danio Embryo (Shield stage),WT,NT,NA,rl
GSM4422791,POS,NA,S96,ssDRIP,Qianwen Sun,Danio Embryo (Shield stage),WT,NT,NA,rl
GSM4422792,NEG,NA,RNH,ssDRIP,Qianwen Sun,Danio Embryo (Shield stage),WT,NT,NA,rl
GSM3214328,POS,NA,S96,ssDRIP,Qianwen Sun,seedlings,WT,NT,NA,rl
GSM3214329,POS,NA,S96,ssDRIP,Qianwen Sun,seedlings,WT,NT,NA,rl
GSM3214330,POS,NA,S96,ssDRIP,Qianwen Sun,seedlings,WT,IR Light,32075864,rl
GSM3214331,POS,NA,S96,ssDRIP,Qianwen Sun,seedlings,WT,IR Light,32075864,rl
GSM3214332,POS,NA,S96,ssDRIP,Qianwen Sun,seedlings,WT,Blue Light,32075864,rl
GSM3214333,POS,NA,S96,ssDRIP,Qianwen Sun,seedlings,WT,Blue Light,32075864,rl
GSM3214334,POS,NA,S96,ssDRIP,Qianwen Sun,seedlings,WT,Red Light,32075864,rl
GSM3214335,POS,NA,S96,ssDRIP,Qianwen Sun,seedlings,WT,Red Light,32075864,rl
GSM3214336,POS,NA,S96,ssDRIP,Qianwen Sun,seedlings,WT,Short day light,32075864,rl
GSM3214337,POS,NA,S96,ssDRIP,Qianwen Sun,seedlings,WT,Short day light,32075864,rl
GSM3214338,POS,NA,S96,ssDRIP,Qianwen Sun,seedlings,WT,Whole day light,32075864,rl
GSM3214339,POS,NA,S96,ssDRIP,Qianwen Sun,seedlings,WT,Whole day light,32075864,rl
GSM3214340,POS,NA,S96,ssDRIP,Qianwen Sun,seedlings,WT,17c,32075864,rl
GSM3214341,POS,NA,S96,ssDRIP,Qianwen Sun,seedlings,WT,17c,32075864,rl
GSM3214342,POS,NA,S96,ssDRIP,Qianwen Sun,seedlings,WT,27c,32075864,rl
GSM3214343,POS,NA,S96,ssDRIP,Qianwen Sun,seedlings,WT,27c,32075864,rl
GSM3214344,POS,NA,S96,ssDRIP,Qianwen Sun,seedlings,WT,Long heat stress,32075864,rl
GSM3214345,POS,NA,S96,ssDRIP,Qianwen Sun,seedlings,WT,Long heat stress,32075864,rl
GSM3214346,POS,NA,S96,ssDRIP,Qianwen Sun,seedlings,WT,12h post heat stress,32075864,rl
GSM3214347,POS,NA,S96,ssDRIP,Qianwen Sun,seedlings,WT,12h post heat stress,32075864,rl
GSM3214348,POS,NA,S96,ssDRIP,Qianwen Sun,seedlings,WT,84h post heat stress,32075864,rl
GSM3214349,POS,NA,S96,ssDRIP,Qianwen Sun,seedlings,WT,84h post heat stress,32075864,rl
GSM3214350,POS,NA,S96,ssDRIP,Qianwen Sun,seedlings,WT,Short cold stress,32075864,rl
GSM3214351,POS,NA,S96,ssDRIP,Qianwen Sun,seedlings,WT,Short cold stress,32075864,rl
GSM3214352,POS,NA,S96,ssDRIP,Qianwen Sun,seedlings,WT,Short heat stress,32075864,rl
GSM3214353,POS,NA,S96,ssDRIP,Qianwen Sun,seedlings,WT,Short heat stress,32075864,rl
GSM3214354,POS,NA,S96,ssDRIP,Qianwen Sun,flower,WT,NT,32075864,rl
GSM3214355,POS,NA,S96,ssDRIP,Qianwen Sun,flower,WT,NT,32075864,rl
GSM3214356,POS,NA,S96,ssDRIP,Qianwen Sun,old leaf,WT,NT,32075864,rl
GSM3214357,POS,NA,S96,ssDRIP,Qianwen Sun,old leaf,WT,NT,32075864,rl
GSM3214358,POS,NA,S96,ssDRIP,Qianwen Sun,root,WT,NT,32075864,rl
GSM3214359,POS,NA,S96,ssDRIP,Qianwen Sun,root,WT,NT,32075864,rl
GSM3214360,POS,NA,S96,ssDRIP,Qianwen Sun,seedling leaf,WT,NT,32075864,rl
GSM3214361,POS,NA,S96,ssDRIP,Qianwen Sun,seedling leaf,WT,NT,32075864,rl
GSM3214364,POS,NA,S96,ssDRIP,Qianwen Sun,young leaf,WT,NT,32075864,rl
GSM3214365,POS,NA,S96,ssDRIP,Qianwen Sun,young leaf,WT,NT,32075864,rl
GSM3214366,POS,NA,S96,ssDRIP,Qianwen Sun,germination,WT,NT,32075864,rl
GSM3214367,POS,NA,S96,ssDRIP,Qianwen Sun,germination,WT,NT,32075864,rl
GSM3214368,POS,NA,S96,ssDRIP,Qianwen Sun,seedlings,WT,NT,32075864,rl
GSM3214369,POS,NA,S96,ssDRIP,Qianwen Sun,seedlings,WT,NT,32075864,rl
GSM3214370,POS,NA,S96,ssDRIP,Qianwen Sun,seedlings,WT,2h post SA exp,32075864,rl
GSM3214371,POS,NA,S96,ssDRIP,Qianwen Sun,seedlings,WT,2h post SA exp,32075864,rl
GSM3214372,POS,NA,S96,ssDRIP,Qianwen Sun,seedlings,WT,1h post UV IR,32075864,rl
GSM3214373,POS,NA,S96,ssDRIP,Qianwen Sun,seedlings,WT,1h post UV IR,32075864,rl
GSM3214374,NEG,NA,RNH,ssDRIP,Qianwen Sun,seedlings,WT,NA,32075864,rl
GSM3214376,POS,NA,S96,ssDRIP,Qianwen Sun,seedlings,WT,ABA 4h,32075864,rl
GSM3214377,POS,NA,S96,ssDRIP,Qianwen Sun,seedlings,WT,ABA 4h,32075864,rl
GSM3214378,POS,NA,S96,ssDRIP,Qianwen Sun,seedlings,WT,EtOH 4h,32075864,rl
GSM3214379,POS,NA,S96,ssDRIP,Qianwen Sun,seedlings,WT,EtOH 4h,32075864,rl
GSM3214380,POS,NA,S96,ssDRIP,Qianwen Sun,seedlings,WT,Dark condition,32075864,rl
GSM3214381,POS,NA,S96,ssDRIP,Qianwen Sun,seedlings,WT,Dark condition,32075864,rl
GSM3214382,POS,NA,S96,ssDRIP,Qianwen Sun,seedlings,WT,Long cold stress,32075864,rl
GSM3214383,POS,NA,S96,ssDRIP,Qianwen Sun,seedlings,WT,Long cold stress,32075864,rl
GSM4213949,POS,NA,RNaseT1,sDRIP,Fred Chedin,NT2,WT,NT,33830170,rl
GSM4213950,POS,NA,RNaseIII,sDRIP,Fred Chedin,NT2,WT,NT,33830170,rl
GSM4213951,POS,NA,RNaseT1-III,sDRIP,Fred Chedin,NT2,WT,NT,33830170,rl
GSM4213952,POS,NA,RNaseT1,sDRIP,Fred Chedin,NT2,WT,NT,33830170,rl
GSM4213953,POS,NA,RNaseIII,sDRIP,Fred Chedin,NT2,WT,NT,33830170,rl
GSM4213954,POS,NA,RNaseT1-III,sDRIP,Fred Chedin,NT2,WT,NT,33830170,rl
GSM4213955,POS,NA,S96,sDRIP,Fred Chedin,NT2,WT,NT,33830170,rl
GSM4213956,POS,NA,RNaseT1,sDRIP,Fred Chedin,NT2,WT,NT,33830170,rl
GSM4213957,POS,NA,RNaseT1-III,sDRIP,Fred Chedin,NT2,WT,NT,33830170,rl
GSM4213958,POS,NA,S96,sDRIP,Fred Chedin,NT2,WT,NT,33830170,rl
GSM4213959,POS,NA,RNaseT1,sDRIP,Fred Chedin,NT2,WT,NT,33830170,rl
GSM4213960,POS,NA,RNaseIII,sDRIP,Fred Chedin,NT2,WT,NT,33830170,rl
GSM4213961,POS,NA,RNaseT1-III,sDRIP,Fred Chedin,NT2,WT,NT,33830170,rl
GSM4213962,POS,NA,S96,sDRIP,Fred Chedin,NT2,WT,NT,33830170,rl
GSM4213963,POS,NA,S96,sDRIP,Fred Chedin,NT2,WT,NT,33830170,rl
GSM4213964,NEG,NA,RNH,sDRIP,Fred Chedin,NT2,WT,NT,33830170,rl
GSM4213965,POS,NA,S96,sDRIP,Fred Chedin,NT2,WT,NT,33830170,rl
GSM4213966,POS,NA,S96,sDRIP,Fred Chedin,NT2,WT,NT,33830170,rl
GSM4525264,POS,NA,S96,DRIPc,Andres Aguilera,K562,WT,siC,33634895,rl
GSM4525265,POS,NA,S96,DRIPc,Andres Aguilera,K562,WT,siDDX5,33634895,rl
GSM4525266,POS,NA,S96,DRIPc,Andres Aguilera,K562,WT,siC,33634895,rl
GSM4525267,POS,NA,S96,DRIPc,Andres Aguilera,K562,WT,siDDX5,33634895,rl
GSM4676155,POS,NA,S96,DRIPc,Andres Aguilera,K562,WT,siC,33634895,rl
GSM4676156,POS,NA,S96,DRIPc,Andres Aguilera,K562,WT,siBRG1,33634895,rl
GSM4676157,POS,NA,S96,DRIPc,Andres Aguilera,K562,WT,siBRG1,33634895,rl
GSM4679345,POS,NA,S96,DRIP,Andres Aguilera,K562,WT,siC,33634895,rl
GSM4679346,NEG,NA,RNH,DRIP,Andres Aguilera,K562,WT,siC,33634895,rl
GSM4974435,NULL,NA,Input,DRIP,Todd Stukenberg,DLD1,WT,NT,31481798,rl
GSM4974436,NULL,NA,Input,DRIP,Todd Stukenberg,DLD1,WT,NT,31481798,rl
GSM4974437,POS,GSM4974435,S96,DRIP,Todd Stukenberg,DLD1,WT,DMSO,31481798,rl
GSM4974438,POS,GSM4974436,S96,DRIP,Todd Stukenberg,DLD1,WT,DMSO,31481798,rl
GSM4974439,NEG,GSM4974435,RNH,DRIP,Todd Stukenberg,DLD1,WT,DMSO,31481798,rl
GSM4974440,NEG,GSM4974436,RNH,DRIP,Todd Stukenberg,DLD1,WT,DMSO,31481798,rl
GSM4974441,POS,GSM4974435,S96,DRIP,Todd Stukenberg,DLD1,WT,AZD,31481798,rl
GSM4974442,NEG,GSM4974436,RNH,DRIP,Todd Stukenberg,DLD1,WT,AZD,31481798,rl
GSM4974443,POS,GSM4974435,S96,DRIP,Todd Stukenberg,DLD1,WT,ZM,31481798,rl
GSM4974444,NEG,GSM4974436,RNH,DRIP,Todd Stukenberg,DLD1,WT,ZM,31481798,rl
GSM4910678,NEG,GSM4910682,RNH,DRIP,Simon Boulton,MEFs,AD-CRE,Dox,33357438,rl
GSM4910679,POS,GSM4910683,S96,DRIP,Simon Boulton,MEFs,AD-CRE,NT,33357438,rl
GSM4910680,NEG,GSM4910684,RNH,DRIP,Simon Boulton,MEFs,AD-GFP,Dox,33357438,rl
GSM4910681,POS,GSM4910685,S96,DRIP,Simon Boulton,MEFs,AD-GFP,NT,33357438,rl
GSM4910682,NULL,NA,Input,DRIP,Simon Boulton,MEFs,AD-CRE,Dox,33357438,rl
GSM4910683,NULL,NA,Input,DRIP,Simon Boulton,MEFs,AD-CRE,NT,33357438,rl
GSM4910684,NULL,NA,Input,DRIP,Simon Boulton,MEFs,AD-GFP,Dox,33357438,rl
GSM4910685,NULL,NA,Input,DRIP,Simon Boulton,MEFs,AD-GFP,NT,33357438,rl
GSM4912693,POS,NA,S96,DRIP,Yuliang Wu,HT1080,WT,NT,NA,rl
GSM4912694,NEG,NA,RNH,DRIP,Yuliang Wu,HT1081,WT,NT,NA,rl
GSM4912695,POS,NA,S96,DRIP,Yuliang Wu,HT1082,hNABP2,NT,NA,rl
GSM4912696,NEG,NA,RNH,DRIP,Yuliang Wu,HT1083,hNABP2,NT,NA,rl
GSM4912697,POS,NA,S96,DRIP,Yuliang Wu,HT1084,WT,NT,NA,rl
GSM4912698,NEG,NA,RNH,DRIP,Yuliang Wu,HT1085,WT,NT,NA,rl
GSM4912699,POS,NA,S96,DRIP,Yuliang Wu,HT1086,hNABP2,NT,NA,rl
GSM4912700,NEG,NA,RNH,DRIP,Yuliang Wu,HT1087,hNABP2,NT,NA,rl
GSM4626129,POS,NA,S96,ssDRIP,Qianwen Sun,seedlings,Col-0,NT,34463741,rl
GSM4626130,POS,NA,S96,ssDRIP,Qianwen Sun,seedlings,Col-0,NT,34463741,rl
GSM4626131,POS,NA,S96,ssDRIP,Qianwen Sun,seedlings,nrpc7-1,NT,34463741,rl
GSM4626132,POS,NA,S96,ssDRIP,Qianwen Sun,seedlings,nrpc7-1,NT,34463741,rl
ERX3974959,NULL,NA,Input,DRIP,Sophie Postel-Vinay,786-O,PBRM1ko,NT,33888468,rl
ERX3974960,POS,ERX3974959,S96,DRIP,Sophie Postel-Vinay,786-O,PBRM1ko,NT,33888468,rl
ERX3974961,POS,ERX3974959,S96,DRIP,Sophie Postel-Vinay,786-O,PBRM1ko,NT,33888468,rl
ERX3974962,NEG,ERX3974959,RNH,DRIP,Sophie Postel-Vinay,786-O,PBRM1ko,NT,33888468,rl
ERX3974963,POS,ERX3974959,S96,DRIP,Sophie Postel-Vinay,786-O,PBRM1ko,Talazoparib,33888468,rl
ERX3974964,POS,ERX3974959,S96,DRIP,Sophie Postel-Vinay,786-O,PBRM1ko,Talazoparib,33888468,rl
ERX3974965,NEG,ERX3974959,RNH,DRIP,Sophie Postel-Vinay,786-O,PBRM1ko,Talazoparib,33888468,rl
ERX3974966,NULL,NA,Input,DRIP,Sophie Postel-Vinay,786-O,WT,NT,33888468,rl
ERX3974967,POS,ERX3974966,S96,DRIP,Sophie Postel-Vinay,786-O,WT,NT,33888468,rl
ERX3974968,POS,ERX3974966,S96,DRIP,Sophie Postel-Vinay,786-O,WT,NT,33888468,rl
ERX3974969,NEG,ERX3974966,RNH,DRIP,Sophie Postel-Vinay,786-O,WT,NT,33888468,rl
ERX3974970,POS,ERX3974966,S96,DRIP,Sophie Postel-Vinay,786-O,WT,Talazoparib,33888468,rl
ERX3974971,POS,ERX3974966,S96,DRIP,Sophie Postel-Vinay,786-O,WT,Talazoparib,33888468,rl
ERX3974972,NEG,ERX3974966,RNH,DRIP,Sophie Postel-Vinay,786-O,WT,Talazoparib,33888468,rl
ERX3974973,NULL,NA,Input,DRIP,Sophie Postel-Vinay,H1299,PBRM1ko,NT,33888468,rl
ERX3974974,POS,ERX3974973,S96,DRIP,Sophie Postel-Vinay,H1299,PBRM1ko,NT,33888468,rl
ERX3974975,POS,ERX3974973,S96,DRIP,Sophie Postel-Vinay,H1299,PBRM1ko,NT,33888468,rl
ERX3974976,NEG,ERX3974973,RNH,DRIP,Sophie Postel-Vinay,H1299,PBRM1ko,NT,33888468,rl
ERX3974977,POS,ERX3974973,S96,DRIP,Sophie Postel-Vinay,H1299,PBRM1ko,Talazoparib,33888468,rl
ERX3974978,POS,ERX3974973,S96,DRIP,Sophie Postel-Vinay,H1299,PBRM1ko,Talazoparib,33888468,rl
ERX3974979,NEG,ERX3974973,RNH,DRIP,Sophie Postel-Vinay,H1299,PBRM1ko,Talazoparib,33888468,rl
ERX3974980,NULL,NA,Input,DRIP,Sophie Postel-Vinay,H1299,WT,NT,33888468,rl
ERX3974981,POS,ERX3974980,S96,DRIP,Sophie Postel-Vinay,H1299,WT,NT,33888468,rl
ERX3974982,POS,ERX3974980,S96,DRIP,Sophie Postel-Vinay,H1299,WT,NT,33888468,rl
ERX3974983,NEG,ERX3974980,RNH,DRIP,Sophie Postel-Vinay,H1299,WT,NT,33888468,rl
ERX3974984,POS,ERX3974980,S96,DRIP,Sophie Postel-Vinay,H1299,WT,Talazoparib,33888468,rl
ERX3974985,POS,ERX3974980,S96,DRIP,Sophie Postel-Vinay,H1299,WT,Talazoparib,33888468,rl
ERX3974986,NEG,ERX3974980,RNH,DRIP,Sophie Postel-Vinay,H1299,WT,Talazoparib,33888468,rl
ERX5698410,NULL,NA,Input,DRIP,Richard McCulloch,Trypanosoma ,ATR-ind-ko,Tet-,31968257,rl
ERX5698411,POS,ERX5698410,S96,DRIP,Richard McCulloch,Trypanosoma ,ATR-ind-ko,Tet-,31968257,rl
ERX5698412,NULL,NA,Input,DRIP,Richard McCulloch,Trypanosoma ,ATR-ind-ko,Tet+,31968257,rl
ERX5698413,POS,ERX5698412,S96,DRIP,Richard McCulloch,Trypanosoma ,ATR-ind-ko,Tet+,31968257,rl
GSM4906697,POS,NA,S96,DRIP,Jacqueline Barlow,B-Cell,WT,NT,NA,rl
GSM1720622,NA,NA,RNA,RNA-Seq,Fred Chedin,NT2,WT,NT,27373332,exp
GSM1720623,NA,NA,RNA,RNA-Seq,Fred Chedin,NT2,WT,NT,27373332,exp
GSM1687384,NA,NA,NA,RNA-Seq,Julie Nadel,IMR90,WT,NT,26579211,exp
GSM1687385,NA,NA,NA,RNA-Seq,Julie Nadel,IMR90,WT,NT,26579211,exp
GSM1687386,NA,NA,NA,RNA-Seq,Julie Nadel,IMR90,WT,NT,26579211,exp
GSM1687388,NA,NA,NA,RNA-Seq,Julie Nadel,HEK293,WT,NT,26579211,exp
GSM1687389,NA,NA,NA,RNA-Seq,Julie Nadel,HEK293,WT,NT,26579211,exp
GSM1687390,NA,NA,NA,RNA-Seq,Julie Nadel,HEK293,WT,NT,26579211,exp
GSM1650030,NA,NA,NA,RNA-Seq,Thomas Fazzio,E14,Tip60-H3F,NT,26551076,exp
GSM1650031,NA,NA,NA,RNA-Seq,Thomas Fazzio,E14,Tip60-H3F,NT,26551076,exp
GSM1650032,NA,NA,NA,RNA-Seq,Thomas Fazzio,E14,Tip60-H3F,RNH,26551076,exp
GSM1650033,NA,NA,NA,RNA-Seq,Thomas Fazzio,E14,Tip60-H3F,RNH,26551076,exp
GSM2738381,NA,NA,RNA,RNA-Seq,Fred Chedin,HEK293,WT,siCTR,30060749,exp
GSM2738382,NA,NA,RNA,RNA-Seq,Fred Chedin,HEK293,WT,siCTR,30060749,exp
GSM2738383,NA,NA,RNA,RNA-Seq,Fred Chedin,HEK293,WT,siTOP1,30060749,exp
GSM2738384,NA,NA,RNA,RNA-Seq,Fred Chedin,HEK293,WT,siTOP1,30060749,exp
GSM1682833,NA,NA,RNA,RNA-Seq,Alex Bishop,TC32,WT,DMSO,29513652,exp
GSM1682834,NA,NA,RNA,RNA-Seq,Alex Bishop,TC32,WT,Etop-50nM-6hr,29513652,exp
GSM1682835,NA,NA,RNA,RNA-Seq,Alex Bishop,TC32,WT,Etop-50nM-12hr,29513652,exp
GSM1682836,NA,NA,RNA,RNA-Seq,Alex Bishop,TC32,WT,Etop-50nM-18hr,29513652,exp
GSM1682837,NA,NA,RNA,RNA-Seq,Alex Bishop,TC32,WT,Etop-50nM-24hr,29513652,exp
GSM1682838,NA,NA,RNA,RNA-Seq,Alex Bishop,EWS502,WT,DMSO,29513652,exp
GSM1682839,NA,NA,RNA,RNA-Seq,Alex Bishop,EWS502,WT,Etop-250nM-6hr,29513652,exp
GSM1682840,NA,NA,RNA,RNA-Seq,Alex Bishop,EWS502,WT,Etop-250nM-12hr,29513652,exp
GSM1682841,NA,NA,RNA,RNA-Seq,Alex Bishop,EWS502,WT,Etop-250nM-18hr,29513652,exp
GSM1682842,NA,NA,RNA,RNA-Seq,Alex Bishop,EWS502,WT,Etop-250nM-24hr,29513652,exp
GSM1682843,NA,NA,RNA,RNA-Seq,Alex Bishop,CHLA258,WT,DMSO,29513652,exp
GSM1682844,NA,NA,RNA,RNA-Seq,Alex Bishop,CHLA258,WT,Etop-100nM-6hr,29513652,exp
GSM1682845,NA,NA,RNA,RNA-Seq,Alex Bishop,CHLA258,WT,Etop-100nM-12hr,29513652,exp
GSM1682846,NA,NA,RNA,RNA-Seq,Alex Bishop,CHLA258,WT,Etop-100nM-18hr,29513652,exp
GSM1682847,NA,NA,RNA,RNA-Seq,Alex Bishop,CHLA258,WT,Etop-100nM-24hr,29513652,exp
GSM1682848,NA,NA,RNA,RNA-Seq,Alex Bishop,CHLA10,WT,DMSO,29513652,exp
GSM1682849,NA,NA,RNA,RNA-Seq,Alex Bishop,CHLA10,WT,Etop-150nM-6hr,29513652,exp
GSM1682850,NA,NA,RNA,RNA-Seq,Alex Bishop,CHLA10,WT,Etop-150nM-12hr,29513652,exp
GSM1682851,NA,NA,RNA,RNA-Seq,Alex Bishop,CHLA10,WT,Etop-150nM-18hr,29513652,exp
GSM1682852,NA,NA,RNA,RNA-Seq,Alex Bishop,CHLA10,WT,Etop-150nM-24hr,29513652,exp
GSM1682853,NA,NA,RNA,RNA-Seq,Alex Bishop,IMR90,WT,DMSO,29513652,exp
GSM1682854,NA,NA,RNA,RNA-Seq,Alex Bishop,IMR90,WT,Etop-6uM-6hr,29513652,exp
GSM1682855,NA,NA,RNA,RNA-Seq,Alex Bishop,IMR90,WT,Etop-6uM-12hr,29513652,exp
GSM1682856,NA,NA,RNA,RNA-Seq,Alex Bishop,IMR90,WT,Etop-6uM-18hr,29513652,exp
GSM1682857,NA,NA,RNA,RNA-Seq,Alex Bishop,IMR90,WT,Etop-6uM-24hr,29513652,exp
GSM1682858,NA,NA,RNA,RNA-Seq,Alex Bishop,U2OS,WT,DMSO,29513652,exp
GSM1682859,NA,NA,RNA,RNA-Seq,Alex Bishop,U2OS,WT,Etop-6uM-6hr,29513652,exp
GSM2326807,NA,NA,RNA,RNA-Seq,John Staropoli,SHS5Y5,WT,shCTR,28270613,exp
GSM2326808,NA,NA,RNA,RNA-Seq,John Staropoli,SHS5Y5,WT,shCTR,28270613,exp
GSM2326809,NA,NA,RNA,RNA-Seq,John Staropoli,SHS5Y5,WT,shCTR,28270613,exp
GSM2326810,NA,NA,RNA,RNA-Seq,John Staropoli,SHS5Y5,Wt,shSMN,28270613,exp
GSM2326811,NA,NA,RNA,RNA-Seq,John Staropoli,SHS5Y5,WT,shSMN,28270613,exp
GSM2326812,NA,NA,RNA,RNA-Seq,John Staropoli,SHS5Y5,WT,shSMN,28270613,exp
GSM2326813,NA,NA,RNA,RNA-Seq,John Staropoli,SHS5Y5,WT,shSMN,28270613,exp
GSM2326814,NA,NA,RNA,RNA-Seq,John Staropoli,SHS5Y5,WT,shSMN,28270613,exp
GSM2326815,NA,NA,RNA,RNA-Seq,John Staropoli,SHS5Y5,WT,shSMN,28270613,exp
GSM1380867,NA,NA,"NA",RNA-Seq,Fred Chedin,Fibroblast,WT,Healthy,26182405,exp
GSM1380868,NA,NA,"NA",RNA-Seq,Fred Chedin,Fibroblast,WT,Healthy,26182405,exp
GSM1380869,NA,NA,"NA",RNA-Seq,Fred Chedin,Fibroblast,TREX1,AGS1,26182405,exp
GSM1380870,NA,NA,"NA",RNA-Seq,Fred Chedin,Fibroblast,TREX2,AGS1,26182405,exp
GSM1380871,NA,NA,"NA",RNA-Seq,Fred Chedin,Fibroblast,RNASEH2B,AGS2-P1,26182405,exp
GSM1380872,NA,NA,"NA",RNA-Seq,Fred Chedin,Fibroblast,RNASEH2B,AGS2-P1,26182405,exp
GSM1380873,NA,NA,"NA",RNA-Seq,Fred Chedin,Fibroblast,RNASEH2B,AGS2-P2,26182405,exp
GSM1380874,NA,NA,"NA",RNA-Seq,Fred Chedin,Fibroblast,RNASEH2B,AGS2-P2,26182405,exp
GSM1380875,NA,NA,"NA",RNA-Seq,Fred Chedin,Fibroblast,RNASEH2A,AGS4-P1,26182405,exp
GSM1380876,NA,NA,"NA",RNA-Seq,Fred Chedin,Fibroblast,RNASEH2A,AGS4-P1,26182405,exp
GSM1380877,NA,NA,"NA",RNA-Seq,Fred Chedin,Fibroblast,RNASEH2A,AGS4-P2,26182405,exp
GSM1380878,NA,NA,"NA",RNA-Seq,Fred Chedin,Fibroblast,RNASEH2A,AGS4-P2,26182405,exp
GSM1380879,NA,NA,"NA",RNA-Seq,Fred Chedin,Fibroblast,SAMHD1,AGS5,26182405,exp
GSM1380880,NA,NA,"NA",RNA-Seq,Fred Chedin,Fibroblast,SAMHD1,AGS5,26182405,exp
GSM4340327,NA,NA,RNA,RNA-Seq,Guang-Hui Liu,VECs,WT,NT,32640235,exp
GSM4340328,NA,NA,RNA,RNA-Seq,Guang-Hui Liu,VECs,WT,NT,32640235,exp
GSM4340329,NA,NA,RNA,RNA-Seq,Guang-Hui Liu,hESCs,WT,NT,32640235,exp
GSM4340330,NA,NA,RNA,RNA-Seq,Guang-Hui Liu,hESCs,WT,NT,32640235,exp
GSM4340331,NA,NA,RNA,RNA-Seq,Guang-Hui Liu,iPSCs,WT,NT,32640235,exp
GSM4340332,NA,NA,RNA,RNA-Seq,Guang-Hui Liu,iPSCs,WT,NT,32640235,exp
GSM4340333,NA,NA,RNA,RNA-Seq,Guang-Hui Liu,MSCs,WT,NT,32640235,exp
GSM4340334,NA,NA,RNA,RNA-Seq,Guang-Hui Liu,MSCs,WT,NT,32640235,exp
GSM4340335,NA,NA,RNA,RNA-Seq,Guang-Hui Liu,NSCs,WT,NT,32640235,exp
GSM4340336,NA,NA,RNA,RNA-Seq,Guang-Hui Liu,NSCs,WT,NT,32640235,exp
GSM4340337,NA,NA,RNA,RNA-Seq,Guang-Hui Liu,VSMCs,WT,NT,32640235,exp
GSM4340338,NA,NA,RNA,RNA-Seq,Guang-Hui Liu,VSMCs,WT,NT,32640235,exp
ERX2277512,NA,NA,RNA,RNA-Seq,Gaelle Legube,U2OS,AsiSI-ER,NT,29416069,exp
SRX4671909,NA,NA,NA,RNA-Seq,Alexey Ruzov,iPSCs,WT,72h,31844323,exp
SRX4671910,NA,NA,NA,RNA-Seq,Alexey Ruzov,iPSCs,WT,48h,31844323,exp
SRX4671911,NA,NA,NA,RNA-Seq,Alexey Ruzov,iPSCs,WT,72h,31844323,exp
SRX4671913,NA,NA,NA,RNA-Seq,Alexey Ruzov,iPSCs,WT,48h,31844323,exp
SRX6452001,NA,NA,NA,RNA-Seq,Alexey Ruzov,iPSCs,WT,siCTL-S3-RNA,31844323,exp
SRX6452002,NA,NA,NA,RNA-Seq,Alexey Ruzov,iPSCs,WT,SiM3-S1-RNA,31844323,exp
SRX6452003,NA,NA,NA,RNA-Seq,Alexey Ruzov,iPSCs,WT,siCTL-S1-RNA,31844323,exp
SRX6452004,NA,NA,NA,RNA-Seq,Alexey Ruzov,iPSCs,WT,siCTL-S2-RNA,31844323,exp
SRX6452005,NA,NA,NA,RNA-Seq,Alexey Ruzov,iPSCs,WT,SiM3-S2-RNA,31844323,exp
SRX6452006,NA,NA,NA,RNA-Seq,Alexey Ruzov,iPSCs,WT,SiM3-S3-RNA,31844323,exp
GSM4714825,NA,NA,"NA",RNA-Seq,Stephane Richard,U2OS,WT,siCTR,32747416,exp
GSM4714826,NA,NA,"NA",RNA-Seq,Stephane Richard,U2OS,WT,siCTR,32747416,exp
GSM4714827,NA,NA,"NA",RNA-Seq,Stephane Richard,U2OS,WT,siCTR,32747416,exp
GSM4714828,NA,NA,"NA",RNA-Seq,Stephane Richard,U2OS,WT,siDDX5,32747416,exp
GSM4714829,NA,NA,"NA",RNA-Seq,Stephane Richard,U2OS,WT,siDDX5,32747416,exp
GSM4714830,NA,NA,"NA",RNA-Seq,Stephane Richard,U2OS,WT,siDDX5,32747416,exp
GSM4714831,NA,NA,"NA",RNA-Seq,Stephane Richard,U2OS,WT,siPRMT5,32747416,exp
GSM4714832,NA,NA,"NA",RNA-Seq,Stephane Richard,U2OS,WT,siPRMT5,32747416,exp
GSM4714833,NA,NA,"NA",RNA-Seq,Stephane Richard,U2OS,WT,siPRMT5,32747416,exp
GSM4714834,NA,NA,"NA",RNA-Seq,Stephane Richard,U2OS,WT,siXRN2,32747416,exp
GSM4714835,NA,NA,"NA",RNA-Seq,Stephane Richard,U2OS,WT,siXRN2,32747416,exp
GSM4714836,NA,NA,"NA",RNA-Seq,Stephane Richard,U2OS,WT,siXRN2,32747416,exp
GSM3734322,NA,NA,"NA",RNA-Seq,Fred Chedin,PATC53,WT,DMSO 1d,34330913,exp
GSM3734323,NA,NA,"NA",RNA-Seq,Fred Chedin,PATC53,WT,DMSO 1d,34330913,exp
GSM3734324,NA,NA,"NA",RNA-Seq,Fred Chedin,PATC53,WT,DMSO 1d,34330913,exp
GSM3734325,NA,NA,"NA",RNA-Seq,Fred Chedin,PATC53,WT,Inh 1d,34330913,exp
GSM3734326,NA,NA,"NA",RNA-Seq,Fred Chedin,PATC53,WT,Inh 1d,34330913,exp
GSM3734327,NA,NA,"NA",RNA-Seq,Fred Chedin,PATC53,WT,Inh 1d,34330913,exp
GSM3734328,NA,NA,"NA",RNA-Seq,Fred Chedin,PATC53,WT,DMSO 2d,34330913,exp
GSM3734329,NA,NA,"NA",RNA-Seq,Fred Chedin,PATC53,WT,DMSO 2d,34330913,exp
GSM3734330,NA,NA,"NA",RNA-Seq,Fred Chedin,PATC53,WT,DMSO 2d,34330913,exp
GSM3734331,NA,NA,"NA",RNA-Seq,Fred Chedin,PATC53,WT,Inh 2d,34330913,exp
GSM3734332,NA,NA,"NA",RNA-Seq,Fred Chedin,PATC53,WT,Inh 2d,34330913,exp
GSM3734333,NA,NA,"NA",RNA-Seq,Fred Chedin,PATC53,WT,Inh 2d,34330913,exp
GSM3734334,NA,NA,"NA",RNA-Seq,Fred Chedin,PATC53,WT,DMSO 3d,34330913,exp
GSM3734335,NA,NA,"NA",RNA-Seq,Fred Chedin,PATC53,WT,DMSO 3d,34330913,exp
GSM3734336,NA,NA,"NA",RNA-Seq,Fred Chedin,PATC53,WT,DMSO 3d,34330913,exp
GSM3734337,NA,NA,"NA",RNA-Seq,Fred Chedin,PATC53,WT,Inh 3d,34330913,exp
GSM3734338,NA,NA,"NA",RNA-Seq,Fred Chedin,PATC53,WT,Inh 3d,34330913,exp
GSM3734339,NA,NA,"NA",RNA-Seq,Fred Chedin,PATC53,WT,Inh 3d,34330913,exp
GSM2891679,NA,NA,"NA",RNA-Seq,Philippe Pasero,HeLa,WT,shASF,32769985,exp
GSM2891680,NA,NA,"NA",RNA-Seq,Philippe Pasero,HeLa,WT,shCTR,32769985,exp
GSM2891681,NA,NA,"NA",RNA-Seq,Philippe Pasero,HeLa,WT,shTOP1,32769985,exp
GSM3579371,NA,NA,"NA",RNA-Seq,Hongjie Yao,MEF,WT,OSKM-D0,32704541,exp
GSM3579372,NA,NA,"NA",RNA-Seq,Hongjie Yao,MEF,WT,OSKM-D0,32704541,exp
GSM3579373,NA,NA,"NA",RNA-Seq,Hongjie Yao,MEF,WT,OSKM-D1,32704541,exp
GSM3579374,NA,NA,"NA",RNA-Seq,Hongjie Yao,MEF,WT,OSKM-D1,32704541,exp
GSM3579375,NA,NA,"NA",RNA-Seq,Hongjie Yao,MEF,WT,OSKM-D3,32704541,exp
GSM3579376,NA,NA,"NA",RNA-Seq,Hongjie Yao,MEF,WT,OSKM-D3,32704541,exp
GSM3579377,NA,NA,"NA",RNA-Seq,Hongjie Yao,MEF,WT,OSKM-D5,32704541,exp
GSM3579378,NA,NA,"NA",RNA-Seq,Hongjie Yao,MEF,WT,OSKM-D5,32704541,exp
GSM3579379,NA,NA,"NA",RNA-Seq,Hongjie Yao,MEF,WT,OSKM-D7,32704541,exp
GSM3579380,NA,NA,"NA",RNA-Seq,Hongjie Yao,MEF,WT,OSKM-D7,32704541,exp
GSM3579381,NA,NA,"NA",RNA-Seq,Hongjie Yao,iPSCs,WT,NT,32704541,exp
GSM3579382,NA,NA,"NA",RNA-Seq,Hongjie Yao,iPSCs,WT,NT,32704541,exp
GSM3579383,NA,NA,"NA",RNA-Seq,Hongjie Yao,MEF,WT,OSKM-D1+D209N,32704541,exp
GSM3579384,NA,NA,"NA",RNA-Seq,Hongjie Yao,MEF,WT,OSKM-D1+D209N,32704541,exp
GSM3579385,NA,NA,"NA",RNA-Seq,Hongjie Yao,MEF,WT,OSKM-D3+D209N,32704541,exp
GSM3579386,NA,NA,"NA",RNA-Seq,Hongjie Yao,MEF,WT,OSKM-D3+D209N,32704541,exp
GSM3579387,NA,NA,"NA",RNA-Seq,Hongjie Yao,MEF,WT,OSKM-D7+D209N,32704541,exp
GSM3579388,NA,NA,"NA",RNA-Seq,Hongjie Yao,MEF,WT,OSKM-D7+D209N,32704541,exp
GSM3579389,NA,NA,"NA",RNA-Seq,Hongjie Yao,MEF,WT,OSKM-D1+RNH,32704541,exp
GSM3579390,NA,NA,"NA",RNA-Seq,Hongjie Yao,MEF,WT,OSKM-D1+RNH,32704541,exp
GSM3579391,NA,NA,"NA",RNA-Seq,Hongjie Yao,MEF,WT,OSKM-D3+RNH,32704541,exp
GSM3579392,NA,NA,"NA",RNA-Seq,Hongjie Yao,MEF,WT,OSKM-D3+RNH,32704541,exp
GSM3579393,NA,NA,"NA",RNA-Seq,Hongjie Yao,MEF,WT,OSKM-D7+RNH,32704541,exp
GSM3579394,NA,NA,"NA",RNA-Seq,Hongjie Yao,MEF,WT,OSKM-D7+RNH,32704541,exp
GSM3579395,NA,NA,"NA",RNA-Seq,Hongjie Yao,MEF,WT,OSKM-D1,32704541,exp
GSM3579396,NA,NA,"NA",RNA-Seq,Hongjie Yao,MEF,WT,OSKM-D1,32704541,exp
GSM3579397,NA,NA,"NA",RNA-Seq,Hongjie Yao,MEF,WT,OSKM-D3,32704541,exp
GSM3579398,NA,NA,"NA",RNA-Seq,Hongjie Yao,MEF,WT,OSKM-D3,32704541,exp
GSM3579399,NA,NA,"NA",RNA-Seq,Hongjie Yao,MEF,WT,OSKM-D7,32704541,exp
GSM3579400,NA,NA,"NA",RNA-Seq,Hongjie Yao,MEF,WT,OSKM-D7,32704541,exp
GSM3579401,NA,NA,"NA",RNA-Seq,Hongjie Yao,MEF,WT,OSKM-D3,32704541,exp
GSM3579402,NA,NA,"NA",RNA-Seq,Hongjie Yao,MEF,WT,OSKM-D3,32704541,exp
GSM3579403,NA,NA,"NA",RNA-Seq,Hongjie Yao,MEF,WT,OSKM-D6,32704541,exp
GSM3579404,NA,NA,"NA",RNA-Seq,Hongjie Yao,MEF,WT,OSKM-D6,32704541,exp
GSM3579405,NA,NA,"NA",RNA-Seq,Hongjie Yao,MEF,WT,OSKM-D9,32704541,exp
GSM3579406,NA,NA,"NA",RNA-Seq,Hongjie Yao,MEF,WT,OSKM-D9,32704541,exp
GSM3579407,NA,NA,"NA",RNA-Seq,Hongjie Yao,MEF,WT,OSKM-D9,32704541,exp
GSM3579408,NA,NA,"NA",RNA-Seq,Hongjie Yao,MEF,WT,OSKM-D9,32704541,exp
GSM4478678,NA,NA,NA,RNA-Seq,Fred Chedin,K562,WT,NT,NA,exp
GSM4478679,NA,NA,NA,RNA-Seq,Fred Chedin,K562,WT,PladB-2h,NA,exp
GSM4478680,NA,NA,NA,RNA-Seq,Fred Chedin,K562,WT,PladB-4h,NA,exp
GSM4478681,NA,NA,NA,RNA-Seq,Fred Chedin,K562,WT,NT,NA,exp
GSM4478682,NA,NA,NA,RNA-Seq,Fred Chedin,K562,WT,DMSO-2h,NA,exp
GSM4478683,NA,NA,NA,RNA-Seq,Fred Chedin,K562,WT,DMSO-4h,NA,exp
GSM4478684,NA,NA,NA,RNA-Seq,Fred Chedin,K562,WT,PladB-2h,NA,exp
GSM4478685,NA,NA,NA,RNA-Seq,Fred Chedin,K562,WT,PladB-4h,NA,exp
GSM4023587,NA,NA,NA,RNA-Seq,Andres Aguilera,K562,WT,siCTR,33301444,exp
GSM4023588,NA,NA,NA,RNA-Seq,Andres Aguilera,K562,WT,siCTR,33301444,exp
GSM4567041,NA,NA,NA,RNA-Seq,Andres Aguilera,K562,WT,siUAP56,33301444,exp
SRX7582135,NA,NA,NA,RNA-Seq,Leila Kianmehr,Sperm,WT,6 month-old,34205454,exp
SRX7582137,NA,NA,NA,RNA-Seq,Leila Kianmehr,Sperm,WT,14 month-old,34205454,exp
SRX7582138,NA,NA,NA,RNA-Seq,Leila Kianmehr,Sperm,WT,14 month-old,34205454,exp
SRX7582136,NA,NA,NA,RNA-Seq,Leila Kianmehr,Sperm,WT,6 month-old,34205454,exp
SRX7582145,NA,NA,NA,RNA-Seq,Leila Kianmehr,Sperm,WT,NA,34205454,exp
SRX7582146,NA,NA,NA,RNA-Seq,Leila Kianmehr,Sperm,WT,NA,34205454,exp
SRX8755311,NA,NA,S96,RNA-Seq,Andres Aguilera,K562,WT,SiBRG1,33986538,exp
GSM4023587,NA,NA,S96,RNA-Seq,Andres Aguilera,K562,WT,siCTR,32439635,exp
GSM4023588,NA,NA,S96,RNA-Seq,Andres Aguilera,K562,WT,siCTR,32439635,exp
GSM4567041,NA,NA,"NA",RNA-Seq,Andres Aguilera,K562,WT,siUAP56,32439635,exp
GSM5133341,NA,NA,NA,RNA-Seq,Petra Beli,U2OS,WT,siCTR,NA,exp
GSM5133342,NA,NA,NA,RNA-Seq,Petra Beli,U2OS,WT,siCTR,NA,exp
GSM5133343,NA,NA,NA,RNA-Seq,Petra Beli,U2OS,WT,siCTR,NA,exp
GSM5133344,NA,NA,NA,RNA-Seq,Petra Beli,U2OS,WT,siCTR,NA,exp
GSM5133345,NA,NA,NA,RNA-Seq,Petra Beli,U2OS,WT,siCTR,NA,exp
GSM5133346,NA,NA,NA,RNA-Seq,Petra Beli,U2OS,WT,siDDX41,NA,exp
GSM5133347,NA,NA,NA,RNA-Seq,Petra Beli,U2OS,WT,siDDX42,NA,exp
GSM5133348,NA,NA,NA,RNA-Seq,Petra Beli,U2OS,WT,siDDX43,NA,exp
GSM5133349,NA,NA,NA,RNA-Seq,Petra Beli,U2OS,WT,siDDX44,NA,exp
GSM5133350,NA,NA,NA,RNA-Seq,Petra Beli,U2OS,WT,siDDX45,NA,exp
GSM3521366,NA,NA,NA,RNA-Seq,Craig Peterson,SC,WT anchor away,NT,31167142,exp
GSM3521367,NA,NA,NA,RNA-Seq,Craig Peterson,SC,WT anchor away,NT,31167142,exp
GSM3521368,NA,NA,NA,RNA-Seq,Craig Peterson,SC,hst4-delta HST3-FRB,NT,31167142,exp
GSM3521369,NA,NA,NA,RNA-Seq,Craig Peterson,SC,hst4-delta HST3-FRB,NT,31167142,exp
GSM3521370,NA,NA,NA,RNA-Seq,Craig Peterson,SC,RRP6-FRB,NT,31167142,exp
GSM3521371,NA,NA,NA,RNA-Seq,Craig Peterson,SC,RRP6-FRB,NT,31167142,exp
GSM3521372,NA,NA,NA,RNA-Seq,Craig Peterson,SC,hst4-delta HST3-FRB RRP6-FRB,NT,31167142,exp
GSM3521373,NA,NA,NA,RNA-Seq,Craig Peterson,SC,hst4-delta HST3-FRB RRP6-FRB,NT,31167142,exp
GSM3640103,NA,NA,NA,RNA-Seq,Wenli Zhang,seedlings,WT,NT,31262943,exp
GSM2699060,NA,NA,NA,RNA-Seq,Fred Chedin,SP,WT,NT,NA,exp
GSM2699061,NA,NA,NA,RNA-Seq,Fred Chedin,SP,WT,NT,NA,exp
GSM2699062,NA,NA,NA,RNA-Seq,Fred Chedin,SP,WT,NT,NA,exp
GSM2699063,NA,NA,NA,RNA-Seq,Fred Chedin,SP,rnh1delta rnh201delta,NT,NA,exp
GSM2699064,NA,NA,NA,RNA-Seq,Fred Chedin,SP,rnh1delta rnh201delta,NT,NA,exp
GSM2699066,NA,NA,NA,RNA-Seq,Fred Chedin,SP,E.coli rnhA o/e,NT,NA,exp
GSM2699067,NA,NA,NA,RNA-Seq,Fred Chedin,SP,E.coli rnhA o/e,NT,NA,exp
GSM2699068,NA,NA,NA,RNA-Seq,Fred Chedin,SP,E.coli rnhA o/e,NT,NA,exp
GSM4679344,NA,NA,NA,RNA-Seq,Andres Aguilera,K562,WT,siBRG1,33634895,exp
GSM4626133,NA,NA,NA,RNA-Seq,Qianwen Sun,seedlings,Col-0,NT,34463741,exp
GSM4626134,NA,NA,NA,RNA-Seq,Qianwen Sun,seedlings,Col-0,NT,34463741,exp
GSM4626135,NA,NA,NA,RNA-Seq,Qianwen Sun,seedlings,nrpc7-1,NT,34463741,exp
GSM4626136,NA,NA,NA,RNA-Seq,Qianwen Sun,seedlings,nrpc7-1,NT,34463741,exp
ERX2276135,NA,NA,NA,RNA-Seq,Richard McCulloch,Trypanosoma ,ATR-ind-ko,24hr_Tet-,31968257,exp
ERX2276136,NA,NA,NA,RNA-Seq,Richard McCulloch,Trypanosoma ,ATR-ind-ko,24hr_Tet+,31968257,exp
ERX2276137,NA,NA,NA,RNA-Seq,Richard McCulloch,Trypanosoma ,ATR-ind-ko,36hr_Tet-,31968257,exp
ERX2276138,NA,NA,NA,RNA-Seq,Richard McCulloch,Trypanosoma ,ATR-ind-ko,36hr_Tet+,31968257,exp
ERX2276139,NA,NA,NA,RNA-Seq,Richard McCulloch,Trypanosoma ,ATR-ind-ko,24hr_Tet-,31968257,exp
ERX2276140,NA,NA,NA,RNA-Seq,Richard McCulloch,Trypanosoma ,ATR-ind-ko,24hr_Tet+,31968257,exp
ERX2276141,NA,NA,NA,RNA-Seq,Richard McCulloch,Trypanosoma ,ATR-ind-ko,36hr_Tet-,31968257,exp
ERX2276142,NA,NA,NA,RNA-Seq,Richard McCulloch,Trypanosoma ,ATR-ind-ko,36hr_Tet+,31968257,exp
ERX2276143,NA,NA,NA,RNA-Seq,Richard McCulloch,Trypanosoma ,ATR-ind-ko,24hr_Tet-,31968257,exp
ERX2276144,NA,NA,NA,RNA-Seq,Richard McCulloch,Trypanosoma ,ATR-ind-ko,24hr_Tet+,31968257,exp
ERX2276145,NA,NA,NA,RNA-Seq,Richard McCulloch,Trypanosoma ,ATR-ind-ko,36hr_Tet-,31968257,exp
ERX2276146,NA,NA,NA,RNA-Seq,Richard McCulloch,Trypanosoma ,ATR-ind-ko,36hr_Tet+,31968257,exp
