experiment,control,condition,mode,lab,tissue,genotype,other,PMID,group
SRX113814,NA,S96,DRIVE,Fred Chedin,NT2,WT,NT,22387027,rmap
SRX113813,NA,S96,DRIP,Fred Chedin,NT2,WT,NT,22387027,rmap
SRX113812,NA,S96,DRIP,Fred Chedin,NT2,WT,NT,22387027,rmap
GSM2104456,NA,S96,DRIPc,Fred Chedin,3T3,WT,NT,27373332,rmap
GSM1720613,NA,S96,DRIPc,Fred Chedin,NT2,WT,NT,27373332,rmap
GSM1720622,NA,RNA,RNA-Seq,Fred Chedin,NT2,WT,NT,27373332,exp
GSM1720623,NA,RNA,RNA-Seq,Fred Chedin,NT2,WT,NT,27373332,exp
GSM1720614,NA,S96,DRIPc,Fred Chedin,NT2,WT,NT,27373332,rmap
GSM1720615,NA,S96,DRIP,Fred Chedin,NT2,WT,NT,27373332,rmap
GSM1720616,NA,S96,DRIP,Fred Chedin,NT2,WT,NT,27373332,rmap
GSM1720617,NA,RNaseA,DRIP,Fred Chedin,NT2,WT,NT,27373332,rmap
GSM1720618,NA,RNH,DRIP,Fred Chedin,NT2,WT,NT,27373332,rmap
GSM1720619,NA,S96,DRIP,Fred Chedin,K562,WT,NT,27373332,rmap
GSM1720620,NA,S96,DRIP,Fred Chedin,E14,WT,NT,27373332,rmap
GSM1720621,NA,S96,DRIP,Fred Chedin,3T3,WT,NT,27373332,rmap
SRX2455194,NA,Input,DRIP,Lorant Szekvolgyi,JURKAT,WT,NT,28341774,rmap
SRX2455195,SRX2455194,S96,DRIP,Lorant Szekvolgyi,JURKAT,WT,NT,28341774,rmap
SRX2455188,NA,Input,DRIP,Lorant Szekvolgyi,JURKAT,WT,NT,28341774,rmap
SRX2455191,SRX2455188,S96,DRIP,Lorant Szekvolgyi,JURKAT,WT,NT,28341774,rmap
SRX2455190,NA,Input,DRIP,Lorant Szekvolgyi,TCELL,WT,NT,28341774,rmap
SRX2455189,SRX2455190,S96,DRIP,Lorant Szekvolgyi,TCELL,WT,NT,28341774,rmap
SRX2455193,NA,Input,DRIP,Lorant Szekvolgyi,TCELL,WT,NT,28341774,rmap
SRX2455192,SRX2455193,S96,DRIP,Lorant Szekvolgyi,TCELL,WT,NT,28341774,rmap
GSM1687384,NA,NA,RNA-Seq,Julie Nadel,IMR90,WT,NT,26579211,exp
GSM1687385,NA,NA,RNA-Seq,Julie Nadel,IMR90,WT,NT,26579211,exp
GSM1687386,NA,NA,RNA-Seq,Julie Nadel,IMR90,WT,NT,26579211,exp
GSM1687388,NA,NA,RNA-Seq,Julie Nadel,HEK293,WT,NT,26579211,exp
GSM1687389,NA,NA,RNA-Seq,Julie Nadel,HEK293,WT,NT,26579211,exp
GSM1687390,NA,NA,RNA-Seq,Julie Nadel,HEK293,WT,NT,26579211,exp
GSM1687554,GSM1687555,S96,RDIP,Julie Nadel,IMR90,WT,NT,26579211,rmap
GSM1687555,NA,Input,RDIP,Julie Nadel,IMR90,WT,NT,26579211,rmap
GSM1687556,GSM1687557,S96,RDIP,Julie Nadel,HEK293,WT,NT,26579211,rmap
GSM1687557,NA,Input,RDIP,Julie Nadel,HEK293,WT,NT,26579211,rmap
GSM2176714,GSM2176715,S96,DRIP,Karlene Cimprich,MCF7,WT,Veh-24hr,27552054,rmap
GSM2176715,NA,Input,DRIP,Karlene Cimprich,MCF7,WT,Veh-24hr,27552054,rmap
GSM2176716,GSM2176715,RNH,DRIP,Karlene Cimprich,MCF7,WT,Veh-24hr,27552054,rmap
GSM2176717,GSM2176718,S96,DRIP,Karlene Cimprich,MCF7,WT,E2-2hr,27552054,rmap
GSM2176718,NA,Input,DRIP,Karlene Cimprich,MCF7,WT,E2-2hr,27552054,rmap
GSM2176719,GSM2176721,S96,DRIP,Karlene Cimprich,MCF7,WT,E2-24hr,27552054,rmap
GSM2176720,GSM2176721,RNH,DRIP,Karlene Cimprich,MCF7,WT,E2-24hr,27552054,rmap
GSM2176721,NA,Input,DRIP,Karlene Cimprich,MCF7,WT,E2-24hr,27552054,rmap
GSM1650030,NA,NA,RNA-Seq,Thomas Fazzio,E14,Tip60-H3F,NT,26551076,exp
GSM1650031,NA,NA,RNA-Seq,Thomas Fazzio,E14,Tip60-H3F,NT,26551076,exp
GSM1650032,NA,NA,RNA-Seq,Thomas Fazzio,E14,Tip60-H3F,RNH,26551076,exp
GSM1650033,NA,NA,RNA-Seq,Thomas Fazzio,E14,Tip60-H3F,RNH,26551076,exp
GSM1650022,NA,S96,DRIP-RNA-Seq,Thomas Fazzio,E14,Tip60-H3F,NT,26551076,rmap
GSM1650023,NA,RNH,DRIP-RNA-Seq,Thomas Fazzio,E14,Tip60-H3F,RNH,26551076,rmap
GSM2550993,GSM2550995,D210N,R-ChIP,Xiang-Dong Fu,HEK293,D210N,NT,29104020,rmap
GSM2550995,NA,Input,R-ChIP,Xiang-Dong Fu,HEK293,D210N,NT,29104020,rmap
GSM2550997,GSM2550999,D210N,R-ChIP,Xiang-Dong Fu,HEK293,D210N,NT,29104020,rmap
GSM2550999,NA,Input,R-ChIP,Xiang-Dong Fu,HEK293,D210N,NT,29104020,rmap
GSM2551001,GSM2551003,D210N,R-ChIP,Xiang-Dong Fu,HEK293,D210N,NT,29104020,rmap
GSM2551003,NA,Input,R-ChIP,Xiang-Dong Fu,HEK293,D210N,NT,29104020,rmap
GSM2551004,GSM2551005,WKKD,R-ChIP,Xiang-Dong Fu,HEK293,WKKD,NT,29104020,rmap
GSM2551005,NA,Input,R-ChIP,Xiang-Dong Fu,HEK293,WKKD,NT,29104020,rmap
GSM2551006,NA,delta-HC,R-ChIP,Xiang-Dong Fu,HEK293,delta-HC,NT,29104020,rmap
GSM2551007,GSM2551009,D210N,R-ChIP,Xiang-Dong Fu,K562,D210N,NT,29104020,rmap
GSM2551008,GSM2551009,D210N,R-ChIP,Xiang-Dong Fu,K562,D210N,NT,29104020,rmap
GSM2551009,NA,Input,R-ChIP,Xiang-Dong Fu,K562,D210N,NT,29104020,rmap
GSM2551010,NA,D210N,R-ChIP,Xiang-Dong Fu,HEK293,D210N,NT,29104020,rmap
GSM2551011,NA,D210N,R-ChIP,Xiang-Dong Fu,HEK293,D210N,NT,29104020,rmap
GSM2551012,NA,D210N,R-ChIP,Xiang-Dong Fu,HEK293,D210N,DRB,29104020,rmap
GSM2551013,NA,D210N,R-ChIP,Xiang-Dong Fu,HEK293,D210N,DRB,29104020,rmap
GSM2551014,NA,D210N,R-ChIP,Xiang-Dong Fu,HEK293,D210N,post-DRB,29104020,rmap
GSM2551015,NA,D210N,R-ChIP,Xiang-Dong Fu,HEK293,D210N,post-DRB,29104020,rmap
GSM3143441,GSM2551009,WKKD,R-ChIP,Xiang-Dong Fu,K562,WKKD,NT,29104020,rmap
GSM3196007,NA,S96,DRIP,Giovanni Capranico,U2OS,WT,NT,30591567,rmap
GSM3196008,NA,S96,DRIP,Giovanni Capranico,U2OS,WT,NT,30591567,rmap
GSM3196009,NA,S96,DRIP,Giovanni Capranico,U2OS,WT,FG,30591567,rmap
GSM3196010,NA,S96,DRIP,Giovanni Capranico,U2OS,WT,FG,30591567,rmap
GSM3196011,NA,S96,DRIP,Giovanni Capranico,U2OS,WT,PDS,30591567,rmap
GSM3196012,NA,S96,DRIP,Giovanni Capranico,U2OS,WT,PDS,30591567,rmap
GSM4093607,NA,RNH,DRIP,Giovanni Capranico,U2OS,WT,RNaseH,30591567,rmap
GSM4093608,NA,RNH,DRIP,Giovanni Capranico,U2OS,WT,FG-RNaseH,30591567,rmap
GSM4093609,NA,RNH,DRIP,Giovanni Capranico,U2OS,WT,PDS-RNaseH,30591567,rmap
GSM3399098,NA,S96,RDIP,Nicholas Proudfoot,HeLa,WT,siLUC,30449723,rmap
GSM3399099,NA,S96,RDIP,Nicholas Proudfoot,HeLa,WT,siSPT6,30449723,rmap
GSM3399100,NA,S96,RDIP,Nicholas Proudfoot,HeLa,WT,siLUC,30449723,rmap
GSM3399101,NA,S96,RDIP,Nicholas Proudfoot,HeLa,WT,siSPT6,30449723,rmap
GSM3306021,GSM4085182,S96,DRIP,Vivian Cheung,B-Cell,WT,NT,30108179,rmap
GSM4085182,NA,Input,DRIP,Vivian Cheung,B-Cell,WT,NT,30108179,rmap
GSM2738369,NA,S96,DRIP,Fred Chedin,HEK293,WT,NT,30060749,rmap
GSM2738370,NA,S96,DRIP,Fred Chedin,HEK293,WT,siCTR,30060749,rmap
GSM2738371,NA,S96,DRIP,Fred Chedin,HEK293,WT,siTOP1,30060749,rmap
GSM2738372,NA,S96,DRIP,Fred Chedin,HEK293,WT,siTOP1,30060749,rmap
GSM2738373,NA,S96,DRIPc,Fred Chedin,HEK293,WT,NT,30060749,rmap
GSM2738374,NA,S96,DRIPc,Fred Chedin,HEK293,WT,siCTR,30060749,rmap
GSM2738375,NA,S96,DRIPc,Fred Chedin,HEK293,WT,siTOP1,30060749,rmap
GSM2738376,NA,S96,DRIPc,Fred Chedin,HEK293,WT,siTOP1,30060749,rmap
GSM2738381,NA,RNA,RNA-Seq,Fred Chedin,HEK293,WT,siCTR,30060749,exp
GSM2738382,NA,RNA,RNA-Seq,Fred Chedin,HEK293,WT,siCTR,30060749,exp
GSM2738383,NA,RNA,RNA-Seq,Fred Chedin,HEK293,WT,siTOP1,30060749,exp
GSM2738384,NA,RNA,RNA-Seq,Fred Chedin,HEK293,WT,siTOP1,30060749,exp
GSM1683483,GSM1683486,S96,DRIP,Alex Bishop,TC32,WT,DMSO,29513652,rmap
GSM1683484,GSM1683486,S96,DRIP,Alex Bishop,TC32,WT,Etop-50nM-6hr,29513652,rmap
GSM1683485,GSM1683486,RNH,DRIP,Alex Bishop,TC32,WT,DMSO,29513652,rmap
GSM1683486,NA,Input,DRIP,Alex Bishop,TC32,WT,DMSO,29513652,rmap
GSM1683487,GSM1683490,S96,DRIP,Alex Bishop,EWS502,WT,DMSO,29513652,rmap
GSM1683488,GSM1683490,S96,DRIP,Alex Bishop,EWS502,WT,Etop-250nM-6hr,29513652,rmap
GSM1683489,GSM1683490,RNH,DRIP,Alex Bishop,EWS502,WT,DMSO,29513652,rmap
GSM1683490,NA,Input,DRIP,Alex Bishop,EWS502,WT,DMSO,29513652,rmap
GSM1683491,GSM1683494,S96,DRIP,Alex Bishop,CHLA10,WT,DMSO,29513652,rmap
GSM1683492,GSM1683494,S96,DRIP,Alex Bishop,CHLA10,WT,Etop-150nM-6hr,29513652,rmap
GSM1683493,GSM1683494,RNH,DRIP,Alex Bishop,CHLA10,WT,DMSO,29513652,rmap
GSM1683494,NA,Input,DRIP,Alex Bishop,CHLA10,WT,DMSO,29513652,rmap
GSM1683495,GSM1683498,S96,DRIP,Alex Bishop,IMR90,WT,DMSO,29513652,rmap
GSM1683496,GSM1683498,S96,DRIP,Alex Bishop,IMR90,WT,Etop-6uM-6hr,29513652,rmap
GSM1683497,GSM1683498,RNH,DRIP,Alex Bishop,IMR90,WT,DMSO,29513652,rmap
GSM1683498,NA,Input,DRIP,Alex Bishop,IMR90,WT,DMSO,29513652,rmap
GSM1683499,GSM1683508,S96,DRIP,Alex Bishop,U2OS,WT,DMSO-EV,29513652,rmap
GSM1683500,GSM1683508,S96,DRIP,Alex Bishop,U2OS,WT,Etop-6uM-6hr-EV,29513652,rmap
GSM1683501,GSM1683508,S96,DRIP,Alex Bishop,U2OS,WT,DMSO-siCTR,29513652,rmap
GSM1683502,GSM1683508,S96,DRIP,Alex Bishop,U2OS,WT,Etop-6uM-6hr-siCTR,29513652,rmap
GSM1683503,GSM1683508,S96,DRIP,Alex Bishop,U2OS,WT,DMSO-siEWSR1,29513652,rmap
GSM1683504,GSM1683508,S96,DRIP,Alex Bishop,U2OS,WT,Etop-6uM-6hr-siEWSR1,29513652,rmap
GSM1683505,GSM1683508,S96,DRIP,Alex Bishop,U2OS,WT,DMSO-siEWSR1,29513652,rmap
GSM1683506,GSM1683508,S96,DRIP,Alex Bishop,U2OS,WT,Etop-6uM-6hr-siEWSR1,29513652,rmap
GSM1683507,GSM1683508,RNH,DRIP,Alex Bishop,U2OS,WT,DMSO,29513652,rmap
GSM1683508,NA,Input,DRIP,Alex Bishop,U2OS,WT,DMSO,29513652,rmap
GSM1682833,NA,RNA,RNA-Seq,Alex Bishop,TC32,WT,DMSO,29513652,exp
GSM1682834,NA,RNA,RNA-Seq,Alex Bishop,TC32,WT,Etop-50nM-6hr,29513652,exp
GSM1682835,NA,RNA,RNA-Seq,Alex Bishop,TC32,WT,Etop-50nM-12hr,29513652,exp
GSM1682836,NA,RNA,RNA-Seq,Alex Bishop,TC32,WT,Etop-50nM-18hr,29513652,exp
GSM1682837,NA,RNA,RNA-Seq,Alex Bishop,TC32,WT,Etop-50nM-24hr,29513652,exp
GSM1682838,NA,RNA,RNA-Seq,Alex Bishop,EWS502,WT,DMSO,29513652,exp
GSM1682839,NA,RNA,RNA-Seq,Alex Bishop,EWS502,WT,Etop-250nM-6hr,29513652,exp
GSM1682840,NA,RNA,RNA-Seq,Alex Bishop,EWS502,WT,Etop-250nM-12hr,29513652,exp
GSM1682841,NA,RNA,RNA-Seq,Alex Bishop,EWS502,WT,Etop-250nM-18hr,29513652,exp
GSM1682842,NA,RNA,RNA-Seq,Alex Bishop,EWS502,WT,Etop-250nM-24hr,29513652,exp
GSM1682843,NA,RNA,RNA-Seq,Alex Bishop,CHLA258,WT,DMSO,29513652,exp
GSM1682844,NA,RNA,RNA-Seq,Alex Bishop,CHLA258,WT,Etop-100nM-6hr,29513652,exp
GSM1682845,NA,RNA,RNA-Seq,Alex Bishop,CHLA258,WT,Etop-100nM-12hr,29513652,exp
GSM1682846,NA,RNA,RNA-Seq,Alex Bishop,CHLA258,WT,Etop-100nM-18hr,29513652,exp
GSM1682847,NA,RNA,RNA-Seq,Alex Bishop,CHLA258,WT,Etop-100nM-24hr,29513652,exp
GSM1682848,NA,RNA,RNA-Seq,Alex Bishop,CHLA10,WT,DMSO,29513652,exp
GSM1682849,NA,RNA,RNA-Seq,Alex Bishop,CHLA10,WT,Etop-150nM-6hr,29513652,exp
GSM1682850,NA,RNA,RNA-Seq,Alex Bishop,CHLA10,WT,Etop-150nM-12hr,29513652,exp
GSM1682851,NA,RNA,RNA-Seq,Alex Bishop,CHLA10,WT,Etop-150nM-18hr,29513652,exp
GSM1682852,NA,RNA,RNA-Seq,Alex Bishop,CHLA10,WT,Etop-150nM-24hr,29513652,exp
GSM1682853,NA,RNA,RNA-Seq,Alex Bishop,IMR90,WT,DMSO,29513652,exp
GSM1682854,NA,RNA,RNA-Seq,Alex Bishop,IMR90,WT,Etop-6uM-6hr,29513652,exp
GSM1682855,NA,RNA,RNA-Seq,Alex Bishop,IMR90,WT,Etop-6uM-12hr,29513652,exp
GSM1682856,NA,RNA,RNA-Seq,Alex Bishop,IMR90,WT,Etop-6uM-18hr,29513652,exp
GSM1682857,NA,RNA,RNA-Seq,Alex Bishop,IMR90,WT,Etop-6uM-24hr,29513652,exp
GSM1682858,NA,RNA,RNA-Seq,Alex Bishop,U2OS,WT,DMSO,29513652,exp
GSM1682859,NA,RNA,RNA-Seq,Alex Bishop,U2OS,WT,Etop-6uM-6hr,29513652,exp
GSM2574364,NA,S96,DRIP,Martin Bushell,U2OS,WT,DMSO-siCTR,29416038,rmap
GSM2574365,NA,S96,DRIP,Martin Bushell,U2OS,WT,4-OHT-siCTR,29416038,rmap
GSM2574366,NA,S96,DRIP,Martin Bushell,U2OS,WT,DMSO-siDrosha,29416038,rmap
GSM2574367,NA,S96,DRIP,Martin Bushell,U2OS,WT,4-OHT-siDrosha,29416038,rmap
GSM2452072,GSM2452073,S96,DRIP,Karlene Cimprich,HeLa,WT,siCTR,28802045,rmap
GSM2452073,NA,Input,DRIP,Karlene Cimprich,HeLa,WT,siCTR,28802045,rmap
GSM2668157,GSM2668158,S96,DRIP,Karlene Cimprich,HeLa,WT,siCTR,28802045,rmap
GSM2668158,NA,Input,DRIP,Karlene Cimprich,HeLa,WT,siCTR,28802045,rmap
GSM2537882,NA,S96,DRIP,Rong Li,STR,WT,BSC117,28649985,rmap
GSM2537883,NA,S96,DRIP,Rong Li,BE,WT,BSC117,28649985,rmap
GSM2537884,NA,S96,DRIP,Rong Li,LP,WT,BSC117,28649985,rmap
GSM2537885,NA,S96,DRIP,Rong Li,ML,WT,BSC117,28649985,rmap
GSM2537886,NA,S96,DRIP,Rong Li,STR,WT,BSC119,28649985,rmap
GSM2537887,NA,S96,DRIP,Rong Li,BE,WT,BSC119,28649985,rmap
GSM2537888,NA,S96,DRIP,Rong Li,LP,WT,BSC119,28649985,rmap
GSM2537889,NA,S96,DRIP,Rong Li,ML,WT,BSC119,28649985,rmap
GSM2537890,NA,S96,DRIP,Rong Li,STR,WT,BSC132,28649985,rmap
GSM2537891,NA,S96,DRIP,Rong Li,BE,WT,BSC132,28649985,rmap
GSM2537892,NA,S96,DRIP,Rong Li,LP,WT,BSC132,28649985,rmap
GSM2537893,NA,S96,DRIP,Rong Li,ML,WT,BSC132,28649985,rmap
GSM2537894,NA,S96,DRIP,Rong Li,STR,WT,BSC134,28649985,rmap
GSM2537895,NA,S96,DRIP,Rong Li,BE,WT,BSC134,28649985,rmap
GSM2537896,NA,S96,DRIP,Rong Li,LP,WT,BSC134,28649985,rmap
GSM2537897,NA,S96,DRIP,Rong Li,ML,WT,BSC134,28649985,rmap
GSM2537898,NA,S96,DRIP,Rong Li,STR,BRCA1,BSC107,28649985,rmap
GSM2537899,NA,S96,DRIP,Rong Li,BE,BRCA1,BSC107,28649985,rmap
GSM2537900,NA,S96,DRIP,Rong Li,LP,BRCA1,BSC107,28649985,rmap
GSM2537901,NA,S96,DRIP,Rong Li,ML,BRCA1,BSC107,28649985,rmap
GSM2537902,NA,S96,DRIP,Rong Li,STR,BRCA1,BSC115,28649985,rmap
GSM2537903,NA,S96,DRIP,Rong Li,BE,BRCA1,BSC115,28649985,rmap
GSM2537904,NA,S96,DRIP,Rong Li,LP,BRCA1,BSC115,28649985,rmap
GSM2537905,NA,S96,DRIP,Rong Li,ML,BRCA1,BSC115,28649985,rmap
GSM2537906,NA,S96,DRIP,Rong Li,STR,BRCA1,BSC120,28649985,rmap
GSM2537907,NA,S96,DRIP,Rong Li,BE,BRCA1,BSC120,28649985,rmap
GSM2537908,NA,S96,DRIP,Rong Li,LP,BRCA1,BSC120,28649985,rmap
GSM2537909,NA,S96,DRIP,Rong Li,BL,BRCA1,BSC120,28649985,rmap
GSM2537910,NA,S96,DRIP,Rong Li,STR,BRCA1,BSC127,28649985,rmap
GSM2537911,NA,S96,DRIP,Rong Li,BE,BRCA1,BSC127,28649985,rmap
GSM2537912,NA,S96,DRIP,Rong Li,LP,BRCA1,BSC127,28649985,rmap
GSM2537913,NA,S96,DRIP,Rong Li,ML,BRCA1,BSC127,28649985,rmap
GSM2537916,NA,RNH,DRIP,Rong Li,LP,BRCA1,BSC127,28649985,rmap
GSM2537917,NA,RNH,DRIP,Rong Li,ML,BRCA1,BSC127,28649985,rmap
GSM2326807,NA,RNA,RNA-Seq,John Staropoli,SHS5Y5,WT,shCTR,28270613,exp
GSM2326808,NA,RNA,RNA-Seq,John Staropoli,SHS5Y5,WT,shCTR,28270613,exp
GSM2326809,NA,RNA,RNA-Seq,John Staropoli,SHS5Y5,WT,shCTR,28270613,exp
GSM2326810,NA,RNA,RNA-Seq,John Staropoli,SHS5Y5,Wt,shSMN,28270613,exp
GSM2326811,NA,RNA,RNA-Seq,John Staropoli,SHS5Y5,WT,shSMN,28270613,exp
GSM2326812,NA,RNA,RNA-Seq,John Staropoli,SHS5Y5,WT,shSMN,28270613,exp
GSM2326813,NA,RNA,RNA-Seq,John Staropoli,SHS5Y5,WT,shSMN,28270613,exp
GSM2326814,NA,RNA,RNA-Seq,John Staropoli,SHS5Y5,WT,shSMN,28270613,exp
GSM2326815,NA,RNA,RNA-Seq,John Staropoli,SHS5Y5,WT,shSMN,28270613,exp
GSM2326823,NA,Input,DRIP,John Staropoli,SHS5Y5,WT,shCTR,28270613,rmap
GSM2326824,NA,Input,DRIP,John Staropoli,SHS5Y5,WT,shCTR,28270613,rmap
GSM2326825,NA,Input,DRIP,John Staropoli,SHS5Y5,WT,shSMN,28270613,rmap
GSM2326826,NA,Input,DRIP,John Staropoli,SHS5Y5,WT,shSMN,28270613,rmap
GSM2326827,GSM2326823,IgG,DRIP,John Staropoli,SHS5Y5,WT,shCTR,28270613,rmap
GSM2326828,GSM2326824,IgG,DRIP,John Staropoli,SHS5Y5,WT,shCTR,28270613,rmap
GSM2326829,GSM2326825,IgG,DRIP,John Staropoli,SHS5Y5,WT,shSMN,28270613,rmap
GSM2326830,GSM2326826,IgG,DRIP,John Staropoli,SHS5Y5,WT,shSMN,28270613,rmap
GSM2326831,GSM2326823,S96,DRIP,John Staropoli,SHS5Y5,WT,shCTR,28270613,rmap
GSM2326832,GSM2326824,S96,DRIP,John Staropoli,SHS5Y5,WT,shCTR,28270613,rmap
GSM2326833,GSM2326825,S96,DRIP,John Staropoli,SHS5Y5,WT,shSMN,28270613,rmap
GSM2326834,GSM2326826,S96,DRIP,John Staropoli,SHS5Y5,WT,shSMN,28270613,rmap
GSM1380853,NA,Input,DRIP,Fred Chedin,Fibroblast,WT,Pool,26182405,rmap
GSM1380854,GSM1380853,S96,DRIP,Fred Chedin,Fibroblast,WT,Healthy,26182405,rmap
GSM1380855,GSM1380853,S96,DRIP,Fred Chedin,Fibroblast,TREX1,AGS1-P1,26182405,rmap
GSM1380856,GSM1380853,S96,DRIP,Fred Chedin,Fibroblast,RNASEH2B,AGS2-P1,26182405,rmap
GSM1380857,GSM1380853,S96,DRIP,Fred Chedin,Fibroblast,RNASEH2B,AGS2-P2,26182405,rmap
GSM1380858,GSM1380853,S96,DRIP,Fred Chedin,Fibroblast,RNASEH2A,AGS4-P1,26182405,rmap
GSM1380859,GSM1380853,S96,DRIP,Fred Chedin,Fibroblast,RNASEH2A,AGS4-P2,26182405,rmap
GSM1380860,GSM1380853,S96,DRIP,Fred Chedin,Fibroblast,SAMHD1,AGS5-P1,26182405,rmap
GSM1380867,NA,"NA",RNA-Seq,Fred Chedin,Fibroblast,WT,Healthy,26182405,exp
GSM1380868,NA,"NA",RNA-Seq,Fred Chedin,Fibroblast,WT,Healthy,26182405,exp
GSM1380869,NA,"NA",RNA-Seq,Fred Chedin,Fibroblast,TREX1,AGS1,26182405,exp
GSM1380870,NA,"NA",RNA-Seq,Fred Chedin,Fibroblast,TREX2,AGS1,26182405,exp
GSM1380871,NA,"NA",RNA-Seq,Fred Chedin,Fibroblast,RNASEH2B,AGS2-P1,26182405,exp
GSM1380872,NA,"NA",RNA-Seq,Fred Chedin,Fibroblast,RNASEH2B,AGS2-P1,26182405,exp
GSM1380873,NA,"NA",RNA-Seq,Fred Chedin,Fibroblast,RNASEH2B,AGS2-P2,26182405,exp
GSM1380874,NA,"NA",RNA-Seq,Fred Chedin,Fibroblast,RNASEH2B,AGS2-P2,26182405,exp
GSM1380875,NA,"NA",RNA-Seq,Fred Chedin,Fibroblast,RNASEH2A,AGS4-P1,26182405,exp
GSM1380876,NA,"NA",RNA-Seq,Fred Chedin,Fibroblast,RNASEH2A,AGS4-P1,26182405,exp
GSM1380877,NA,"NA",RNA-Seq,Fred Chedin,Fibroblast,RNASEH2A,AGS4-P2,26182405,exp
GSM1380878,NA,"NA",RNA-Seq,Fred Chedin,Fibroblast,RNASEH2A,AGS4-P2,26182405,exp
GSM1380879,NA,"NA",RNA-Seq,Fred Chedin,Fibroblast,SAMHD1,AGS5,26182405,exp
GSM1380880,NA,"NA",RNA-Seq,Fred Chedin,Fibroblast,SAMHD1,AGS5,26182405,exp
GSM1395356,GSM1380853,S96,DRIP,Fred Chedin,Fibroblast,WT,Healthy,26182405,rmap
GSM1643592,GSM1380853,S96,DRIP,Fred Chedin,Fibroblast,SAMHD1,AGS5-P2,26182405,rmap
GSM1643591,GSM1380853,S96,DRIP,Fred Chedin,Fibroblast,TREX1,AGS1-P2,26182405,rmap
GSM1108095,NA,Input,DRIP,Fred Chedin,NT2,WT,NT,26182405,rmap
GSM1108096,GSM1108095,S96,DRIP,Fred Chedin,NT2,WT,NT,26182405,rmap
GSM1108097,NA,Input,DRIP,Fred Chedin,NT2,WT,NT,26182405,rmap
GSM1108098,GSM1108097,S96,DRIP,Fred Chedin,NT2,WT,NT,26182405,rmap
GSM1108099,GSM1108097,S96,DRIP,Fred Chedin,NT2,WT,NT,26182405,rmap
GSM2559370,NA,Input,R-ChIP,Xiang-Dong Fu,HEK293,D210N,SRSF2-P95H-DOX,29395063,rmap
GSM2559371,NA,Input,R-ChIP,Xiang-Dong Fu,HEK293,D210N,SRSF2-P95H-DOX,29395063,rmap
GSM2559372,GSM2559370,D210N,R-ChIP,Xiang-Dong Fu,HEK293,D210N,SRSF2-P95H-DOX,29395063,rmap
GSM2559373,GSM2559371,D210N,R-ChIP,Xiang-Dong Fu,HEK293,D210N,SRSF2-P95H-DOX,29395063,rmap
GSM2559374,NA,Input,R-ChIP,Xiang-Dong Fu,HEK293,D210N,SRSF2-P95H-CTR,29395063,rmap
GSM2559375,NA,Input,R-ChIP,Xiang-Dong Fu,HEK293,D210N,SRSF2-P95H-CTR,29395063,rmap
GSM2559376,GSM2559374,D210N,R-ChIP,Xiang-Dong Fu,HEK293,D210N,SRSF2-P95H-CTR,29395063,rmap
GSM2559377,GSM2559375,D210N,R-ChIP,Xiang-Dong Fu,HEK293,D210N,SRSF2-P95H-CTR,29395063,rmap
GSM2559382,NA,Input,R-ChIP,Xiang-Dong Fu,HEK293,D210N,SRSF2-WT-DOX,29395063,rmap
GSM2559383,NA,Input,R-ChIP,Xiang-Dong Fu,HEK293,D210N,SRSF2-WT-DOX,29395063,rmap
GSM2559384,GSM2559382,D210N,R-ChIP,Xiang-Dong Fu,HEK293,D210N,SRSF2-WT-DOX,29395063,rmap
GSM2559385,GSM2559383,D210N,R-ChIP,Xiang-Dong Fu,HEK293,D210N,SRSF2-WT-DOX,29395063,rmap
GSM2559386,NA,Input,R-ChIP,Xiang-Dong Fu,HEK293,D210N,SRSF2-WT-CTR,29395063,rmap
GSM2559387,NA,Input,R-ChIP,Xiang-Dong Fu,HEK293,D210N,SRSF2-WT-CTR,29395063,rmap
GSM2559388,GSM2559386,D210N,R-ChIP,Xiang-Dong Fu,HEK293,D210N,SRSF2-WT-CTR,29395063,rmap
GSM2559389,GSM2559387,D210N,R-ChIP,Xiang-Dong Fu,HEK293,D210N,SRSF2-WT-CTR,29395063,rmap
GSM2559392,GSM2559394,D210N,R-ChIP,Xiang-Dong Fu,HEK293,D210N,U2AF-35Q157P-DOX,29395063,rmap
GSM2559393,GSM2559394,D210N,R-ChIP,Xiang-Dong Fu,HEK293,D210N,U2AF-35Q157P-DOX,29395063,rmap
GSM2559394,NA,Input,R-ChIP,Xiang-Dong Fu,HEK293,D210N,U2AF-35Q157P-CTR,29395063,rmap
GSM2559395,GSM2559394,D210N,R-ChIP,Xiang-Dong Fu,HEK293,D210N,U2AF-35Q157P-CTR,29395063,rmap
GSM2559396,GSM2559394,D210N,R-ChIP,Xiang-Dong Fu,HEK293,D210N,U2AF-35Q157P-CTR,29395063,rmap
GSM2559399,GSM2559401,D210N,R-ChIP,Xiang-Dong Fu,HEK293,D210N,U2AF-WT-DOX,29395063,rmap
GSM2559400,GSM2559401,D210N,R-ChIP,Xiang-Dong Fu,HEK293,D210N,U2AF-WT-DOX,29395063,rmap
GSM2559401,NA,Input,R-ChIP,Xiang-Dong Fu,HEK293,D210N,U2AF-WT-CTR,29395063,rmap
GSM2559402,GSM2559401,D210N,R-ChIP,Xiang-Dong Fu,HEK293,D210N,U2AF-WT-CTR,29395063,rmap
GSM2559403,GSM2559401,D210N,R-ChIP,Xiang-Dong Fu,HEK293,D210N,U2AF-WT-CTR,29395063,rmap
GSM2559406,GSM2559410,D210N,R-ChIP,Xiang-Dong Fu,HEK293,D210N,U2AF-35S34F-DOX,29395063,rmap
GSM2559407,GSM2559410,D210N,R-ChIP,Xiang-Dong Fu,HEK293,D210N,U2AF-35S34F-DOX,29395063,rmap
GSM2559408,GSM2559410,D210N,R-ChIP,Xiang-Dong Fu,HEK293,D210N,U2AF-35S34F-CTR,29395063,rmap
GSM2559409,GSM2559410,D210N,R-ChIP,Xiang-Dong Fu,HEK293,D210N,U2AF-35S34F-CTR,29395063,rmap
GSM2559410,NA,Input,R-ChIP,Xiang-Dong Fu,HEK293,D210N,U2AF-35S34F-CTR,29395063,rmap
GSM4212858,NA,Input,R-ChIP,Scott Floyd,HeLa,D210N,DMSO,32966794,rmap
GSM4212859,GSM4212858,D210N,R-ChIP,Scott Floyd,HeLa,D210N,DMSO,32966794,rmap
GSM4212862,NA,Input,R-ChIP,Scott Floyd,HeLa,D210N,dBET,32966794,rmap
GSM4212863,GSM4212862,D210N,R-ChIP,Scott Floyd,HeLa,D210N,dBET,32966794,rmap
GSM3681019,NA,D210N,RR-ChIP,Nicholas Proudfoot,HeLa,D210N,NT,31679819,rmap
GSM3681020,NA,D210N,RR-ChIP,Nicholas Proudfoot,HeLa,D210N,NT,31679819,rmap
GSM3681021,NA,WKKD,RR-ChIP,Nicholas Proudfoot,HeLa,WKKD,NT,31679819,rmap
GSM4048018,NA,RNH,RR-ChIP,Nicholas Proudfoot,HeLa,RNHGFP,NT,31679819,rmap
GSM4048019,NA,RNH,RDIP,Nicholas Proudfoot,HeLa,RNHGFP,NT,31679819,rmap
GSM4048020,NA,RNH,RR-ChIP,Nicholas Proudfoot,HeLa,RNHGFP,NT,31679819,rmap
GSM4048021,NA,RNH,RDIP,Nicholas Proudfoot,HeLa,RNHGFP,NT,31679819,rmap
GSM4295072,NA,RNH,RDIP,Nicholas Proudfoot,HeLa,RNHoe,NT,31679819,rmap
GSM3406747,GSM3406748,D210N,MapR,Kavitha Sarma,HEK293,WT,NT,31665646,rmap
GSM3406748,NA,Input,MapR,Kavitha Sarma,HEK293,WT,NT,31665646,rmap
GSM3406749,GSM3406751,D210N,MapR,Kavitha Sarma,HEK293,WT,NT,31665646,rmap
GSM3406750,GSM3406752,D210N,MapR,Kavitha Sarma,HEK293,WT,NT,31665646,rmap
GSM3406751,NA,Input,MapR,Kavitha Sarma,HEK293,WT,NT,31665646,rmap
GSM3406752,NA,Input,MapR,Kavitha Sarma,HEK293,WT,NT,31665646,rmap
GSM3406753,GSM3406754,D210N,MapR,Kavitha Sarma,HEK293,WT,NT,31665646,rmap
GSM3406754,NA,Input,MapR,Kavitha Sarma,HEK293,WT,NT,31665646,rmap
GSM3406755,GSM3406756,FLAG,RNH-CnR,Kavitha Sarma,HEK293,RNHdFLAG,NT,31665646,rmap
GSM3406756,NA,Input,RNH-CnR,Kavitha Sarma,HEK293,RNHdFLAG,NT,31665646,rmap
GSM3406757,GSM3406758,FLAG,RNH-CnR,Kavitha Sarma,HEK293,RNHdFLAG,NT,31665646,rmap
GSM3406758,NA,Input,RNH-CnR,Kavitha Sarma,HEK293,RNHdFLAG,NT,31665646,rmap
GSM3406759,NA,FLAG,RNH-CnR,Kavitha Sarma,HEK293,RNHdFLAG,NT,31665646,rmap
GSM3406760,GSM3406761,RNH,MapR,Kavitha Sarma,HEK293,WT,exoRNH,31665646,rmap
GSM3406761,NA,Input,MapR,Kavitha Sarma,HEK293,WT,exoRNH,31665646,rmap
GSM3406762,GSM3406763,RNH,MapR,Kavitha Sarma,HEK293,WT,exoRNH,31665646,rmap
GSM3406763,NA,Input,MapR,Kavitha Sarma,HEK293,WT,exoRNH,31665646,rmap
GSM3406764,GSM3406765,ACTD,MapR,Kavitha Sarma,HEK293,WT,ActD,31665646,rmap
GSM3406765,NA,Input,MapR,Kavitha Sarma,HEK293,WT,ActD,31665646,rmap
GSM3406766,GSM3406767,ACTD,MapR,Kavitha Sarma,HEK293,WT,ActD,31665646,rmap
GSM3406767,NA,Input,MapR,Kavitha Sarma,HEK293,WT,ActD,31665646,rmap
GSM3406768,GSM3406770,D210N,MapR,Kavitha Sarma,U87,WT,NT,31665646,rmap
GSM3406769,GSM3406771,D210N,MapR,Kavitha Sarma,U87,WT,NT,31665646,rmap
GSM3406770,NA,Input,MapR,Kavitha Sarma,U87,WT,NT,31665646,rmap
GSM3406771,NA,Input,MapR,Kavitha Sarma,U87,WT,NT,31665646,rmap
GSM3406772,GSM3406773,D210N,MapR,Kavitha Sarma,U87,WT,NT,31665646,rmap
GSM3406773,NA,Input,MapR,Kavitha Sarma,U87,WT,NT,31665646,rmap
GSM3406774,GSM3406775,D210N,MapR,Kavitha Sarma,U87,WT,NT100K,31665646,rmap
GSM3406775,NA,Input,MapR,Kavitha Sarma,U87,WT,NT100K,31665646,rmap
GSM3406776,GSM3406777,RNH,MapR,Kavitha Sarma,U87,WT,exoRNH,31665646,rmap
GSM3406777,NA,Input,MapR,Kavitha Sarma,U87,WT,exoRNH,31665646,rmap
GSM3406778,GSM3406779,RNH,MapR,Kavitha Sarma,U87,WT,exoRNH,31665646,rmap
GSM3406779,NA,Input,MapR,Kavitha Sarma,U87,WT,exoRNH,31665646,rmap
GSM3406780,GSM3406781,ACTD,MapR,Kavitha Sarma,U87,WT,ActD,31665646,rmap
GSM3406781,NA,Input,MapR,Kavitha Sarma,U87,WT,ActD,31665646,rmap
GSM3406782,GSM3406783,ACTD,MapR,Kavitha Sarma,U87,WT,ActD,31665646,rmap
GSM3406783,NA,Input,MapR,Kavitha Sarma,U87,WT,ActD,31665646,rmap
GSM3937232,NA,S96,ssDRIP,Yun-Gui Yang,HeLa,shCTRL,NT,31606733,rmap
GSM3937233,NA,S96,ssDRIP,Yun-Gui Yang,HeLa,shCTRL,NT,31606733,rmap
GSM3937234,NA,S96,ssDRIP,Yun-Gui Yang,HeLa,shCTRL,NT,31606733,rmap
GSM3937237,NA,S96,ssDRIP,Yun-Gui Yang,HeLa,shMETTL3,NT,31606733,rmap
GSM3937238,NA,S96,ssDRIP,Yun-Gui Yang,HeLa,shMETTL3,NT,31606733,rmap
GSM3937239,NA,S96,ssDRIP,Yun-Gui Yang,HeLa,shMETTL3,NT,31606733,rmap
GSM3937240,NA,S96,ssDRIP,Yun-Gui Yang,HeLa,shCTRL,EV,31606733,rmap
GSM3937241,NA,S96,ssDRIP,Yun-Gui Yang,HeLa,shCTRL,EV,31606733,rmap
GSM3937242,NA,S96,ssDRIP,Yun-Gui Yang,HeLa,shMETTL3,EV,31606733,rmap
GSM3937243,NA,S96,ssDRIP,Yun-Gui Yang,HeLa,shMETTL3,EV,31606733,rmap
GSM3937244,NA,S96,ssDRIP,Yun-Gui Yang,HeLa,shMETTL3,mutMETTL3OE,31606733,rmap
GSM3937246,NA,S96,ssDRIP,Yun-Gui Yang,HeLa,shMETTL3,wtMETTL3OE,31606733,rmap
GSM3937247,NA,S96,ssDRIP,Yun-Gui Yang,HeLa,shMETTL3,wtMETTL3OE,31606733,rmap
GSM3937245,NA,S96,ssDRIP,Yun-Gui Yang,HeLa,shMETTL3,mutMETTL3OE,31606733,rmap
GSM3772637,NA,S96,DRIPc,Fred Chedin,NT2,WT,RNaseA,32105733,rmap
SRX1761639,SRX1761646,S96,S1-DRIP,Douglas Koshland,SC,WT,NT,27298336,rmap
SRX1761640,SRX1761646,S96,S1-DRIP,Douglas Koshland,SC,WT,NT,27298336,rmap
SRX1761641,NA,RNH,S1-DRIP,Douglas Koshland,SC,rnh1rnh201,NT,27298336,rmap
SRX1761642,NA,Input,S1-DRIP,Douglas Koshland,SC,rnh1rnh201,NT,27298336,rmap
SRX1761643,SRX1761646,S96,S1-DRIP,Douglas Koshland,SC,WT,NT,27298336,rmap
SRX1761644,SRX1761646,S96,S1-DRIP,Douglas Koshland,SC,WT,NT,27298336,rmap
SRX1761645,SRX1761646,RNH,S1-DRIP,Douglas Koshland,SC,WT,NT,27298336,rmap
SRX1761646,NA,Input,S1-DRIP,Douglas Koshland,SC,WT,NT,27298336,rmap
SRX1761648,SRX1761642,S96,S1-DRIP,Douglas Koshland,SC,rnh1rnh201,NT,27298336,rmap
SRX1761649,SRX1761642,S96,S1-DRIP,Douglas Koshland,SC,rnh1rnh201,NT,27298336,rmap
SRX1761650,SRX1761642,S96,S1-DRIP,Douglas Koshland,SC,rnh1rnh201,NT,27298336,rmap
SRX1761651,SRX1761642,S96,S1-DRIP,Douglas Koshland,SC,rnh1rnh201,NT,27298336,rmap
SRX1995061,NA,Input,DRIP,Susan Gasser,CE,WT,NT,27668659,rmap
SRX1995062,NA,Input,DRIP,Susan Gasser,CE,met2set25,NT,27668659,rmap
SRX1995063,SRX1995061,S96,DRIP,Susan Gasser,CE,WT,NT,27668659,rmap
SRX1995064,SRX1995062,S96,DRIP,Susan Gasser,CE,met2set25,NT,27668659,rmap
SRX1995065,SRX1995061,RNH,DRIP,Susan Gasser,CE,WT,NT,27668659,rmap
SRX1995066,SRX1995062,RNH,DRIP,Susan Gasser,CE,met2set25,NT,27668659,rmap
GSM4340311,GSM4340304,S96,ssDRIP,Guang-Hui Liu,hESCs,WT,NT,32640235,rmap
GSM4340312,GSM4340304,S96,ssDRIP,Guang-Hui Liu,hESCs,WT,NT,32640235,rmap
GSM4340313,GSM4340304,S96,ssDRIP,Guang-Hui Liu,hESCs,WT,NT,32640235,rmap
GSM4340314,GSM4340304,S96,ssDRIP,Guang-Hui Liu,hESCs,WT,NT,32640235,rmap
GSM4340315,GSM4340305,S96,ssDRIP,Guang-Hui Liu,iPSCs,WT,NT,32640235,rmap
GSM4340316,GSM4340305,S96,ssDRIP,Guang-Hui Liu,iPSCs,WT,NT,32640235,rmap
GSM4340317,GSM4340305,S96,ssDRIP,Guang-Hui Liu,iPSCs,WT,NT,32640235,rmap
GSM4340318,GSM4340305,S96,ssDRIP,Guang-Hui Liu,iPSCs,WT,NT,32640235,rmap
GSM4340319,GSM4340306,S96,ssDRIP,Guang-Hui Liu,MSCs,WT,NT,32640235,rmap
GSM4340320,GSM4340306,S96,ssDRIP,Guang-Hui Liu,MSCs,WT,NT,32640235,rmap
GSM4340321,GSM4340307,S96,ssDRIP,Guang-Hui Liu,NSCs,WT,NT,32640235,rmap
GSM4340322,GSM4340307,S96,ssDRIP,Guang-Hui Liu,NSCs,WT,NT,32640235,rmap
GSM4340323,GSM4340307,S96,ssDRIP,Guang-Hui Liu,NSCs,WT,NT,32640235,rmap
GSM4340324,GSM4340307,S96,ssDRIP,Guang-Hui Liu,NSCs,WT,NT,32640235,rmap
GSM4340309,GSM4340303,S96,ssDRIP,Guang-Hui Liu,VECs,WT,NT,32640235,rmap
GSM4340310,GSM4340303,S96,ssDRIP,Guang-Hui Liu,VECs,WT,NT,32640235,rmap
GSM4340325,GSM4340308,S96,ssDRIP,Guang-Hui Liu,VSMCs,WT,NT,32640235,rmap
GSM4340326,GSM4340308,S96,ssDRIP,Guang-Hui Liu,VSMCs,WT,NT,32640235,rmap
GSM4340327,NA,RNA,RNA-Seq,Guang-Hui Liu,VECs,WT,NT,32640235,exp
GSM4340328,NA,RNA,RNA-Seq,Guang-Hui Liu,VECs,WT,NT,32640235,exp
GSM4340329,NA,RNA,RNA-Seq,Guang-Hui Liu,hESCs,WT,NT,32640235,exp
GSM4340330,NA,RNA,RNA-Seq,Guang-Hui Liu,hESCs,WT,NT,32640235,exp
GSM4340331,NA,RNA,RNA-Seq,Guang-Hui Liu,iPSCs,WT,NT,32640235,exp
GSM4340332,NA,RNA,RNA-Seq,Guang-Hui Liu,iPSCs,WT,NT,32640235,exp
GSM4340333,NA,RNA,RNA-Seq,Guang-Hui Liu,MSCs,WT,NT,32640235,exp
GSM4340334,NA,RNA,RNA-Seq,Guang-Hui Liu,MSCs,WT,NT,32640235,exp
GSM4340335,NA,RNA,RNA-Seq,Guang-Hui Liu,NSCs,WT,NT,32640235,exp
GSM4340336,NA,RNA,RNA-Seq,Guang-Hui Liu,NSCs,WT,NT,32640235,exp
GSM4340337,NA,RNA,RNA-Seq,Guang-Hui Liu,VSMCs,WT,NT,32640235,exp
GSM4340338,NA,RNA,RNA-Seq,Guang-Hui Liu,VSMCs,WT,NT,32640235,exp
GSM3633997,GSM3634001,S96,sDRIP,Nicole Francis,2-6H,WT,NT,32286294,rmap
GSM3633998,GSM3634000,RNH,sDRIP,Nicole Francis,2-6H,WT,NT,32286294,rmap
GSM3633999,GSM3634001,RNH,sDRIP,Nicole Francis,2-6H,WT,NT,32286294,rmap
GSM3634000,NA,Input,sDRIP,Nicole Francis,2-6H,WT,NT,32286294,rmap
GSM3634001,NA,Input,sDRIP,Nicole Francis,2-6H,WT,NT,32286294,rmap
GSM3634002,GSM3634006,S96,sDRIP,Nicole Francis,10-14H,WT,NT,32286294,rmap
GSM3634003,GSM3634007,S96,sDRIP,Nicole Francis,10-14H,WT,NT,32286294,rmap
GSM3634004,GSM3634006,RNH,sDRIP,Nicole Francis,10-14H,WT,NT,32286294,rmap
GSM3634005,GSM3634007,RNH,sDRIP,Nicole Francis,10-14H,WT,NT,32286294,rmap
GSM3634006,NA,Input,sDRIP,Nicole Francis,10-14H,WT,NT,32286294,rmap
GSM3634007,NA,Input,sDRIP,Nicole Francis,10-14H,WT,NT,32286294,rmap
GSM3634008,GSM3634012,S96,sDRIP,Nicole Francis,S2,WT,NT,32286294,rmap
GSM3634009,GSM3634013,S96,sDRIP,Nicole Francis,S2,WT,NT,32286294,rmap
GSM3634010,GSM3634012,RNH,sDRIP,Nicole Francis,S2,WT,NT,32286294,rmap
GSM3634011,GSM3634013,RNH,sDRIP,Nicole Francis,S2,WT,NT,32286294,rmap
GSM3634012,NA,Input,sDRIP,Nicole Francis,S2,WT,NT,32286294,rmap
GSM3634013,NA,Input,sDRIP,Nicole Francis,S2,WT,NT,32286294,rmap
GSM3633996,GSM3634000,S96,sDRIP,Nicole Francis,S2,WT,NT,32286294,rmap
GSM4474220,GSM4474223,S96,DRIP,Yong Zhao,HEK293,I-PpoI,siMETTL3,32615088,rmap
GSM4474218,GSM4474222,S96,DRIP,Yong Zhao,HEK293,I-PpoI,siCTR,32615088,rmap
GSM4474217,GSM4474222,S96,DRIP,Yong Zhao,HEK293,WT,siCTR,32615088,rmap
GSM4474223,NA,Input,DRIP,Yong Zhao,HEK293,WT,siMETTL3,32615088,rmap
GSM4474221,NA,RNH,DRIP,Yong Zhao,HEK293,RNH1,NT,32615088,rmap
GSM4474222,NA,Input,DRIP,Yong Zhao,HEK293,WT,siCTR,32615088,rmap
GSM4474219,GSM4474223,S96,DRIP,Yong Zhao,HEK293,WT,siMETTL3,32615088,rmap
GSM3724905,NA,S96,DRIP,Ying Liu,U2OS,WT,siCTR,32398827,rmap
GSM3724907,NA,S96,DRIP,Ying Liu,U2OS,WT,siRTEL1,32398827,rmap
GSM3724908,NA,RNH,DRIP,Ying Liu,U2OS,WT,siRTEL1,32398827,rmap
GSM3724909,NA,S96,DRIP,Ying Liu,U2OS,WT,siRTEL1-APH,32398827,rmap
GSM3724910,NA,RNH,DRIP,Ying Liu,U2OS,WT,siRTEL1-APH,32398827,rmap
GSM3724906,NA,RNH,DRIP,Ying Liu,U2OS,WT,siCTR,32398827,rmap
GSM2630109,GSM2630114,S96,DRIP,Fernando Azorin,S2,WT,RNH,28819201,rmap
GSM2630110,NA,Input,DRIP,Fernando Azorin,S2,dsH1,NT,28819201,rmap
GSM2630111,GSM2630114,S96,DRIP,Fernando Azorin,S2,WT,NT,28819201,rmap
GSM2630112,GSM2630110,S96,DRIP,Fernando Azorin,S2,dsH1,NT,28819201,rmap
GSM2630113,GSM2630110,S96,DRIP,Fernando Azorin,S2,dsH1,RNH,28819201,rmap
GSM2630114,NA,Input,DRIP,Fernando Azorin,S2,WT,NT,28819201,rmap
GSM2630115,GSM2630120,S96,DRIP,Fernando Azorin,S2,WT,RNH,28819201,rmap
GSM2630116,NA,Input,DRIP,Fernando Azorin,S2,dsH1,NT,28819201,rmap
GSM2630117,GSM2630120,S96,DRIP,Fernando Azorin,S2,WT,NT,28819201,rmap
GSM2630118,GSM2630116,S96,DRIP,Fernando Azorin,S2,dsH1,NT,28819201,rmap
GSM2630119,GSM2630116,S96,DRIP,Fernando Azorin,S2,dsH1,RNH,28819201,rmap
GSM2630120,NA,Input,DRIP,Fernando Azorin,S2,WT,NT,28819201,rmap
ERX2277510,NA,S96,DRIP,Gaelle Legube,U2OS,AsiSI-ER,DMSO,29416069,rmap
ERX2277511,NA,S96,DRIP,Gaelle Legube,U2OS,AsiSI-ER,4-OHT,29416069,rmap
ERX2277512,NA,RNA,RNA-Seq,Gaelle Legube,U2OS,AsiSI-ER,NT,29416069,exp
SRX4671921,SRX4671912,RNH,m6A-DIP,Alexey Ruzov,iPSCs,WT,NT,31844323,rmap
SRX4671919,SRX4671912,S96,m6A-DIP,Alexey Ruzov,iPSCs,WT,NT,31844323,rmap
SRX4671918,SRX4671912,S96,m6A-DIP,Alexey Ruzov,iPSCs,WT,NT,31844323,rmap
SRX4671917,SRX4671912,RNH,DRIP,Alexey Ruzov,iPSCs,WT,NT,31844323,rmap
SRX4671916,SRX4671912,RNH,DRIP,Alexey Ruzov,iPSCs,WT,NT,31844323,rmap
SRX4671915,SRX4671912,S96,DRIP,Alexey Ruzov,iPSCs,WT,NT,31844323,rmap
SRX4671920,SRX4671912,RNH,m6A-DIP,Alexey Ruzov,iPSCs,WT,NT,31844323,rmap
SRX4671914,SRX4671912,S96,DRIP,Alexey Ruzov,iPSCs,WT,NT,31844323,rmap
SRX4671913,NA,NA,RNA-Seq,Alexey Ruzov,iPSCs,NA,48h,31844323,exp
SRX4671912,NA,NA,DRIP,Alexey Ruzov,iPSCs,NA,Input DNA,31844323,rmap
SRX4671911,NA,NA,RNA-Seq,Alexey Ruzov,iPSCs,NA,72h,31844323,exp
SRX4671910,NA,NA,RNA-Seq,Alexey Ruzov,iPSCs,NA,48h,31844323,exp
SRX4671909,NA,NA,RNA-Seq,Alexey Ruzov,iPSCs,NA,72h,31844323,exp
SRX6452008,NA,NA,RNA-Seq,Alexey Ruzov,iPSCs,NA,SiM3-S2,31844323,exp
SRX6452007,NA,NA,RNA-Seq,Alexey Ruzov,iPSCs,NA,SiM3-S1,31844323,exp
SRX6452006,NA,NA,RNA-Seq,Alexey Ruzov,iPSCs,NA,SiM3-S3-RNA,31844323,exp
SRX6452005,NA,NA,RNA-Seq,Alexey Ruzov,iPSCs,NA,SiM3-S2-RNA,31844323,exp
SRX6452004,NA,NA,RNA-Seq,Alexey Ruzov,iPSCs,NA,siCTL-S2-RNA,31844323,exp
SRX6452003,NA,NA,RNA-Seq,Alexey Ruzov,iPSCs,NA,siCTL-S1-RNA,31844323,exp
SRX6452002,NA,NA,RNA-Seq,Alexey Ruzov,iPSCs,NA,SiM3-S1-RNA,31844323,exp
SRX6452001,NA,NA,RNA-Seq,Alexey Ruzov,iPSCs,NA,siCTL-S3-RNA,31844323,exp
SRX6452000,NA,IgG,RNA-Seq,Alexey Ruzov,iPSCs,NA,IGG2,31844323,exp
SRX6451999,NA,IgG,RNA-Seq,Alexey Ruzov,iPSCs,NA,IGG1,31844323,exp
GSM3936507,GSM3936510,S96,qDRIP,Karlene Cimprich,HeLa,WT,siGL3,32544226,rmap
GSM3936508,GSM3936510,S96,qDRIP,Karlene Cimprich,HeLa,WT,siGL3,32544226,rmap
GSM3936509,GSM3936510,RNH,qDRIP,Karlene Cimprich,HeLa,WT,siGL3,32544226,rmap
GSM3936510,NA,Input,qDRIP,Karlene Cimprich,HeLa,WT,siGL3,32544226,rmap
GSM3936511,GSM3936513,S96,qDRIP,Karlene Cimprich,HeLa,WT,DMSO,32544226,rmap
GSM3936512,GSM3936513,S96,qDRIP,Karlene Cimprich,HeLa,WT,DMSO,32544226,rmap
GSM3936513,NA,Input,qDRIP,Karlene Cimprich,HeLa,WT,DMSO,32544226,rmap
GSM3936514,GSM3936517,S96,qDRIP,Karlene Cimprich,HeLa,WT,DRB,32544226,rmap
GSM3936515,GSM3936517,S96,qDRIP,Karlene Cimprich,HeLa,WT,DRB,32544226,rmap
GSM3936516,GSM3936517,RNH,qDRIP,Karlene Cimprich,HeLa,WT,DRB,32544226,rmap
GSM3936517,NA,Input,qDRIP,Karlene Cimprich,HeLa,WT,DRB,32544226,rmap
GSM4276883,GSM4276884,S96,qDRIP,Karlene Cimprich,HeLa,WT,NT,32544226,rmap
GSM4276884,NA,Input,qDRIP,Karlene Cimprich,HeLa,WT,NT,32544226,rmap
GSM4276885,GSM4276884,RNH,qDRIP,Karlene Cimprich,HeLa,WT,NT,32544226,rmap
GSM4276886,GSM4276884,RNH,qDRIP,Karlene Cimprich,HeLa,WT,NT,32544226,rmap
GSM4276887,GSM4276889,S96,qDRIP,Karlene Cimprich,HeLa,WT,siGL3,32544226,rmap
GSM4276888,GSM4276890,S96,qDRIP,Karlene Cimprich,HeLa,WT,siGL3,32544226,rmap
GSM4276889,NA,Input,qDRIP,Karlene Cimprich,HeLa,WT,siGL3,32544226,rmap
GSM4276890,NA,Input,qDRIP,Karlene Cimprich,HeLa,WT,siGL3,32544226,rmap
GSM4006728,NA,S96,DRIP,James Manley,U87,WT,siCTR,32686621,rmap
GSM4006729,NA,S96,DRIP,James Manley,U87,WT,siCTR,32686621,rmap
GSM4006730,NA,S96,DRIP,James Manley,U87,WT,siSETX,32686621,rmap
GSM4006731,NA,S96,DRIP,James Manley,U87,WT,siSETX,32686621,rmap
GSM4714811,GSM4714813,S96,DRIP,Stephane Richard,U2OS,WT,siCTR,32747416,rmap
GSM4714812,GSM4714813,S96,DRIP,Stephane Richard,U2OS,WT,siCTR,32747416,rmap
GSM4714813,NA,Input,DRIP,Stephane Richard,U2OS,WT,siCTR,32747416,rmap
GSM4714814,GSM4714813,RNH,DRIP,Stephane Richard,U2OS,WT,siCTR,32747416,rmap
GSM4714815,GSM4714813,RNH,DRIP,Stephane Richard,U2OS,WT,siCTR,32747416,rmap
GSM4714816,GSM4714818,S96,DRIP,Stephane Richard,U2OS,WT,siDDX5,32747416,rmap
GSM4714817,GSM4714818,S96,DRIP,Stephane Richard,U2OS,WT,siDDX5,32747416,rmap
GSM4714818,NA,Input,DRIP,Stephane Richard,U2OS,WT,siDDX5,32747416,rmap
GSM4714819,GSM4714821,S96,DRIP,Stephane Richard,U2OS,WT,siPRMT5,32747416,rmap
GSM4714820,GSM4714821,S96,DRIP,Stephane Richard,U2OS,WT,siPRMT5,32747416,rmap
GSM4714821,NA,Input,DRIP,Stephane Richard,U2OS,WT,siPRMT5,32747416,rmap
GSM4714822,GSM4714824,S96,DRIP,Stephane Richard,U2OS,WT,siXRN2,32747416,rmap
GSM4714823,GSM4714824,S96,DRIP,Stephane Richard,U2OS,WT,siXRN2,32747416,rmap
GSM4714824,NA,Input,DRIP,Stephane Richard,U2OS,WT,siXRN2,32747416,rmap
GSM4714825,NA,"NA",RNA-Seq,Stephane Richard,U2OS,WT,siCTR,32747416,exp
GSM4714826,NA,"NA",RNA-Seq,Stephane Richard,U2OS,WT,siCTR,32747416,exp
GSM4714827,NA,"NA",RNA-Seq,Stephane Richard,U2OS,WT,siCTR,32747416,exp
GSM4714828,NA,"NA",RNA-Seq,Stephane Richard,U2OS,WT,siDDX5,32747416,exp
GSM4714829,NA,"NA",RNA-Seq,Stephane Richard,U2OS,WT,siDDX5,32747416,exp
GSM4714830,NA,"NA",RNA-Seq,Stephane Richard,U2OS,WT,siDDX5,32747416,exp
GSM4714831,NA,"NA",RNA-Seq,Stephane Richard,U2OS,WT,siPRMT5,32747416,exp
GSM4714832,NA,"NA",RNA-Seq,Stephane Richard,U2OS,WT,siPRMT5,32747416,exp
GSM4714833,NA,"NA",RNA-Seq,Stephane Richard,U2OS,WT,siPRMT5,32747416,exp
GSM4714834,NA,"NA",RNA-Seq,Stephane Richard,U2OS,WT,siXRN2,32747416,exp
GSM4714835,NA,"NA",RNA-Seq,Stephane Richard,U2OS,WT,siXRN2,32747416,exp
GSM4714836,NA,"NA",RNA-Seq,Stephane Richard,U2OS,WT,siXRN2,32747416,exp
GSM3734314,NA,S96,sDRIP,Timothy Heffernan,PATC53,WT,DMSO 1d,34330913,rmap
GSM3734315,NA,S96,sDRIP,Fred Chedin,PATC53,WT,DMSO 3d,34330913,rmap
GSM3734317,NA,S96,sDRIP,Fred Chedin,PATC53,WT,DMSO 1d,34330913,rmap
GSM3734318,NA,S96,sDRIP,Fred Chedin,PATC53,WT,Inh 1d,34330913,rmap
GSM3734319,NA,S96,sDRIP,Fred Chedin,PATC53,WT,Inh 1d,34330913,rmap
GSM3734320,NA,S96,sDRIP,Fred Chedin,PATC53,WT,DMSO 3d,34330913,rmap
GSM3734321,NA,S96,sDRIP,Fred Chedin,PATC53,WT,Inh 3d,34330913,rmap
GSM3734322,NA,"NA",RNA-Seq,Fred Chedin,PATC53,WT,DMSO 1d,34330913,exp
GSM3734323,NA,"NA",RNA-Seq,Fred Chedin,PATC53,WT,DMSO 1d,34330913,exp
GSM3734324,NA,"NA",RNA-Seq,Fred Chedin,PATC53,WT,DMSO 1d,34330913,exp
GSM3734325,NA,"NA",RNA-Seq,Fred Chedin,PATC53,WT,Inh 1d,34330913,exp
GSM3734326,NA,"NA",RNA-Seq,Fred Chedin,PATC53,WT,Inh 1d,34330913,exp
GSM3734327,NA,"NA",RNA-Seq,Fred Chedin,PATC53,WT,Inh 1d,34330913,exp
GSM3734328,NA,"NA",RNA-Seq,Fred Chedin,PATC53,WT,DMSO 2d,34330913,exp
GSM3734329,NA,"NA",RNA-Seq,Fred Chedin,PATC53,WT,DMSO 2d,34330913,exp
GSM3734330,NA,"NA",RNA-Seq,Fred Chedin,PATC53,WT,DMSO 2d,34330913,exp
GSM3734331,NA,"NA",RNA-Seq,Fred Chedin,PATC53,WT,Inh 2d,34330913,exp
GSM3734332,NA,"NA",RNA-Seq,Fred Chedin,PATC53,WT,Inh 2d,34330913,exp
GSM3734333,NA,"NA",RNA-Seq,Fred Chedin,PATC53,WT,Inh 2d,34330913,exp
GSM3734334,NA,"NA",RNA-Seq,Fred Chedin,PATC53,WT,DMSO 3d,34330913,exp
GSM3734335,NA,"NA",RNA-Seq,Fred Chedin,PATC53,WT,DMSO 3d,34330913,exp
GSM3734336,NA,"NA",RNA-Seq,Fred Chedin,PATC53,WT,DMSO 3d,34330913,exp
GSM3734337,NA,"NA",RNA-Seq,Fred Chedin,PATC53,WT,Inh 3d,34330913,exp
GSM3734338,NA,"NA",RNA-Seq,Fred Chedin,PATC53,WT,Inh 3d,34330913,exp
GSM3734339,NA,"NA",RNA-Seq,Fred Chedin,PATC53,WT,Inh 3d,34330913,exp
GSM3734316,NA,S96,sDRIP,Fred Chedin,PATC53,WT,Inh 3d,34330913,rmap
GSM2891659,NA,Input,DRIP,Philippe Pasero,HeLa,WT,shCTR,32769985,rmap
GSM2891660,GSM2891659,S96,DRIP,Philippe Pasero,HeLa,WT,shASF,32769985,rmap
GSM2891661,GSM2891659,S96,DRIP,Philippe Pasero,HeLa,WT,shCTR,32769985,rmap
GSM2891662,GSM2891659,S96,DRIP,Philippe Pasero,HeLa,WT,shTOP1,32769985,rmap
GSM2891663,NA,Input,DRIP,Philippe Pasero,HeLa,WT,shASF,32769985,rmap
GSM2891664,GSM2891663,S96,DRIP,Philippe Pasero,HeLa,WT,shASF,32769985,rmap
GSM2891665,NA,Input,DRIP,Philippe Pasero,HeLa,WT,shCTR,32769985,rmap
GSM2891666,GSM2891665,S96,DRIP,Philippe Pasero,HeLa,WT,shCTR,32769985,rmap
GSM2891667,NA,Input,DRIP,Philippe Pasero,HeLa,WT,shTOP1,32769985,rmap
GSM2891668,GSM2891667,S96,DRIP,Philippe Pasero,HeLa,WT,shTOP1,32769985,rmap
GSM2891679,NA,"NA",RNA-Seq,Philippe Pasero,HeLa,WT,shASF,32769985,exp
GSM2891680,NA,"NA",RNA-Seq,Philippe Pasero,HeLa,WT,shCTR,32769985,exp
GSM2891681,NA,"NA",RNA-Seq,Philippe Pasero,HeLa,WT,shTOP1,32769985,exp
GSM3579337,NA,S96,ssDRIP,Hongjie Yao,MEF,WT,OSKM-D0,32704541,rmap
GSM3579338,NA,S96,ssDRIP,Hongjie Yao,MEF,WT,OSKM-D0,32704541,rmap
GSM3579339,NA,S96,ssDRIP,Hongjie Yao,MEF,WT,OSKM-D1,32704541,rmap
GSM3579340,NA,S96,ssDRIP,Hongjie Yao,MEF,WT,OSKM-D1,32704541,rmap
GSM3579341,NA,S96,ssDRIP,Hongjie Yao,MEF,WT,OSKM-D3,32704541,rmap
GSM3579342,NA,S96,ssDRIP,Hongjie Yao,MEF,WT,OSKM-D3,32704541,rmap
GSM3579343,NA,S96,ssDRIP,Hongjie Yao,MEF,WT,OSKM-D5,32704541,rmap
GSM3579344,NA,S96,ssDRIP,Hongjie Yao,MEF,WT,OSKM-D5,32704541,rmap
GSM3579345,NA,S96,ssDRIP,Hongjie Yao,MEF,WT,OSKM-D7,32704541,rmap
GSM3579346,NA,S96,ssDRIP,Hongjie Yao,MEF,WT,OSKM-D7,32704541,rmap
GSM3579347,NA,S96,ssDRIP,Hongjie Yao,iPSCs,WT,NT,32704541,rmap
GSM3579348,NA,S96,ssDRIP,Hongjie Yao,iPSCs,WT,NT,32704541,rmap
GSM3579349,NA,D209N,ssDRIP,Hongjie Yao,MEF,WT,OSKM-D1+D209N,32704541,rmap
GSM3579350,NA,D209N,ssDRIP,Hongjie Yao,MEF,WT,OSKM-D1+D209N,32704541,rmap
GSM3579351,NA,D209N,ssDRIP,Hongjie Yao,MEF,WT,OSKM-D3+D209N,32704541,rmap
GSM3579352,NA,D209N,ssDRIP,Hongjie Yao,MEF,WT,OSKM-D3+D209N,32704541,rmap
GSM3579353,NA,D209N,ssDRIP,Hongjie Yao,MEF,WT,OSKM-D7+D209N,32704541,rmap
GSM3579354,NA,D209N,ssDRIP,Hongjie Yao,MEF,WT,OSKM-D7+D209N,32704541,rmap
GSM3579355,NA,RNH,ssDRIP,Hongjie Yao,MEF,WT,OSKM-D1+RNH,32704541,rmap
GSM3579356,NA,RNH,ssDRIP,Hongjie Yao,MEF,WT,OSKM-D1+RNH,32704541,rmap
GSM3579357,NA,RNH,ssDRIP,Hongjie Yao,MEF,WT,OSKM-D3+RNH,32704541,rmap
GSM3579358,NA,RNH,ssDRIP,Hongjie Yao,MEF,WT,OSKM-D3+RNH,32704541,rmap
GSM3579359,NA,RNH,ssDRIP,Hongjie Yao,MEF,WT,OSKM-D7+RNH,32704541,rmap
GSM3579360,NA,RNH,ssDRIP,Hongjie Yao,MEF,WT,OSKM-D7+RNH,32704541,rmap
GSM3579361,NA,S96,ssDRIP,Hongjie Yao,MEF,WT,OSKM-D1,32704541,rmap
GSM3579362,NA,S96,ssDRIP,Hongjie Yao,MEF,WT,OSKM-D1,32704541,rmap
GSM3579363,NA,S96,ssDRIP,Hongjie Yao,MEF,WT,OSKM-D3,32704541,rmap
GSM3579364,NA,S96,ssDRIP,Hongjie Yao,MEF,WT,OSKM-D3,32704541,rmap
GSM3579365,NA,S96,ssDRIP,Hongjie Yao,MEF,WT,OSKM-D7,32704541,rmap
GSM3579366,NA,S96,ssDRIP,Hongjie Yao,MEF,WT,OSKM-D7,32704541,rmap
GSM3579367,NA,RNH,ssDRIP,Hongjie Yao,MEF,WT,OSKM-D5+RNH,32704541,rmap
GSM3579368,NA,RNH,ssDRIP,Hongjie Yao,MEF,WT,OSKM-D5+RNH,32704541,rmap
GSM3579369,NA,S96,ssDRIP,Hongjie Yao,MEF,WT,OSKM-D9,32704541,rmap
GSM3579370,NA,S96,ssDRIP,Hongjie Yao,MEF,WT,OSKM-D9,32704541,rmap
GSM3579371,NA,"NA",RNA-Seq,Hongjie Yao,MEF,WT,OSKM-D0,32704541,exp
GSM3579372,NA,"NA",RNA-Seq,Hongjie Yao,MEF,WT,OSKM-D0,32704541,exp
GSM3579373,NA,"NA",RNA-Seq,Hongjie Yao,MEF,WT,OSKM-D1,32704541,exp
GSM3579374,NA,"NA",RNA-Seq,Hongjie Yao,MEF,WT,OSKM-D1,32704541,exp
GSM3579375,NA,"NA",RNA-Seq,Hongjie Yao,MEF,WT,OSKM-D3,32704541,exp
GSM3579376,NA,"NA",RNA-Seq,Hongjie Yao,MEF,WT,OSKM-D3,32704541,exp
GSM3579377,NA,"NA",RNA-Seq,Hongjie Yao,MEF,WT,OSKM-D5,32704541,exp
GSM3579378,NA,"NA",RNA-Seq,Hongjie Yao,MEF,WT,OSKM-D5,32704541,exp
GSM3579379,NA,"NA",RNA-Seq,Hongjie Yao,MEF,WT,OSKM-D7,32704541,exp
GSM3579380,NA,"NA",RNA-Seq,Hongjie Yao,MEF,WT,OSKM-D7,32704541,exp
GSM3579381,NA,"NA",RNA-Seq,Hongjie Yao,iPSCs,WT,NT,32704541,exp
GSM3579382,NA,"NA",RNA-Seq,Hongjie Yao,iPSCs,WT,NT,32704541,exp
GSM3579383,NA,"NA",RNA-Seq,Hongjie Yao,MEF,WT,OSKM-D1+D209N,32704541,exp
GSM3579384,NA,"NA",RNA-Seq,Hongjie Yao,MEF,WT,OSKM-D1+D209N,32704541,exp
GSM3579385,NA,"NA",RNA-Seq,Hongjie Yao,MEF,WT,OSKM-D3+D209N,32704541,exp
GSM3579386,NA,"NA",RNA-Seq,Hongjie Yao,MEF,WT,OSKM-D3+D209N,32704541,exp
GSM3579387,NA,"NA",RNA-Seq,Hongjie Yao,MEF,WT,OSKM-D7+D209N,32704541,exp
GSM3579388,NA,"NA",RNA-Seq,Hongjie Yao,MEF,WT,OSKM-D7+D209N,32704541,exp
GSM3579389,NA,"NA",RNA-Seq,Hongjie Yao,MEF,WT,OSKM-D1+RNH,32704541,exp
GSM3579390,NA,"NA",RNA-Seq,Hongjie Yao,MEF,WT,OSKM-D1+RNH,32704541,exp
GSM3579391,NA,"NA",RNA-Seq,Hongjie Yao,MEF,WT,OSKM-D3+RNH,32704541,exp
GSM3579392,NA,"NA",RNA-Seq,Hongjie Yao,MEF,WT,OSKM-D3+RNH,32704541,exp
GSM3579393,NA,"NA",RNA-Seq,Hongjie Yao,MEF,WT,OSKM-D7+RNH,32704541,exp
GSM3579394,NA,"NA",RNA-Seq,Hongjie Yao,MEF,WT,OSKM-D7+RNH,32704541,exp
GSM3579395,NA,"NA",RNA-Seq,Hongjie Yao,MEF,WT,OSKM-D1,32704541,exp
GSM3579396,NA,"NA",RNA-Seq,Hongjie Yao,MEF,WT,OSKM-D1,32704541,exp
GSM3579397,NA,"NA",RNA-Seq,Hongjie Yao,MEF,WT,OSKM-D3,32704541,exp
GSM3579398,NA,"NA",RNA-Seq,Hongjie Yao,MEF,WT,OSKM-D3,32704541,exp
GSM3579399,NA,"NA",RNA-Seq,Hongjie Yao,MEF,WT,OSKM-D7,32704541,exp
GSM3579400,NA,"NA",RNA-Seq,Hongjie Yao,MEF,WT,OSKM-D7,32704541,exp
GSM3579401,NA,"NA",RNA-Seq,Hongjie Yao,MEF,WT,OSKM-D3,32704541,exp
GSM3579402,NA,"NA",RNA-Seq,Hongjie Yao,MEF,WT,OSKM-D3,32704541,exp
GSM3579403,NA,"NA",RNA-Seq,Hongjie Yao,MEF,WT,OSKM-D6,32704541,exp
GSM3579404,NA,"NA",RNA-Seq,Hongjie Yao,MEF,WT,OSKM-D6,32704541,exp
GSM3579405,NA,"NA",RNA-Seq,Hongjie Yao,MEF,WT,OSKM-D9,32704541,exp
GSM3579406,NA,"NA",RNA-Seq,Hongjie Yao,MEF,WT,OSKM-D9,32704541,exp
GSM3579407,NA,"NA",RNA-Seq,Hongjie Yao,MEF,WT,OSKM-D9,32704541,exp
GSM3579408,NA,"NA",RNA-Seq,Hongjie Yao,MEF,WT,OSKM-D9,32704541,exp
GSM4478670,NA,S96,DRIP,Fred Chedin,K562,WT,NT,NA,rmap
GSM4478671,NA,S96,DRIP,Fred Chedin,K562,WT,PladB-2h,NA,rmap
GSM4478672,NA,S96,DRIP,Fred Chedin,K562,WT,PladB-4h,NA,rmap
GSM4478673,NA,S96,DRIP,Fred Chedin,K562,WT,NT,NA,rmap
GSM4478674,NA,S96,DRIP,Fred Chedin,K562,WT,DMSO-2h,NA,rmap
GSM4478675,NA,S96,DRIP,Fred Chedin,K562,WT,DMSO-4h,NA,rmap
GSM4478676,NA,S96,DRIP,Fred Chedin,K562,WT,PladB-2h,NA,rmap
GSM4478677,NA,S96,DRIP,Fred Chedin,K562,WT,PladB-4h,NA,rmap
GSM4478678,NA,NA,RNA-Seq,Fred Chedin,K562,WT,NT,NA,exp
GSM4478679,NA,NA,RNA-Seq,Fred Chedin,K562,WT,PladB-2h,NA,exp
GSM4478680,NA,NA,RNA-Seq,Fred Chedin,K562,WT,PladB-4h,NA,exp
GSM4478681,NA,NA,RNA-Seq,Fred Chedin,K562,WT,NT,NA,exp
GSM4478682,NA,NA,RNA-Seq,Fred Chedin,K562,WT,DMSO-2h,NA,exp
GSM4478683,NA,NA,RNA-Seq,Fred Chedin,K562,WT,DMSO-4h,NA,exp
GSM4478684,NA,NA,RNA-Seq,Fred Chedin,K562,WT,PladB-2h,NA,exp
GSM4478685,NA,NA,RNA-Seq,Fred Chedin,K562,WT,PladB-4h,NA,exp
GSM4478686,NA,S96,sDRIP,Fred Chedin,K562,WT,NT,NA,rmap
GSM4478687,NA,S96,sDRIP,Fred Chedin,K562,WT,DMSO-4h,NA,rmap
GSM4478688,NA,S96,sDRIP,Fred Chedin,K562,WT,PladB-4h,NA,rmap
GSM4478689,NA,S96,sDRIP,Fred Chedin,K562,WT,NT,NA,rmap
GSM4478690,NA,S96,sDRIP,Fred Chedin,K562,WT,DMSO-4h,NA,rmap
GSM4023581,NA,S96,DRIPc,Andres Aguilera,K562,WT,siCTR,33301444,rmap
GSM4023582,NA,S96,DRIPc,Andres Aguilera,K562,WT,siUAP56,33301444,rmap
GSM4023583,NA,S96,DRIPc,Andres Aguilera,K562,WT,siCTR,33301444,rmap
GSM4023584,NA,S96,DRIPc,Andres Aguilera,K562,WT,siUAP56,33301444,rmap
GSM4023585,NA,S96,DRIP,Andres Aguilera,K562,WT,NT,33301444,rmap
GSM4023586,NA,RNH,DRIP,Andres Aguilera,K562,WT,siCTR,33301444,rmap
GSM4023587,NA,NA,RNA-Seq,Andres Aguilera,K562,WT,siCTR,33301444,exp
GSM4023588,NA,NA,RNA-Seq,Andres Aguilera,K562,WT,siCTR,33301444,exp
GSM4567039,NA,RNH,DRIPc,Andres Aguilera,K562,WT,siCTR,33301444,rmap
GSM4567040,NA,RNH,DRIPc,Andres Aguilera,K562,WT,siUAP56,33301444,rmap
GSM4567041,NA,NA,RNA-Seq,Andres Aguilera,K562,WT,siUAP56,33301444,exp
GSM4849022,NA,S96,DRIPc,Andres Aguilera,YMK612_S,WT,NT,34294712,rmap
GSM4849023,NA,RNH,DRIPc,Andres Aguilera,YMK612_S,WT,NT,34294712,rmap
GSM4849024,NA,S96,DRIPc,Andres Aguilera,YMK612_S,WT,NT,34294712,rmap
GSM4849025,NA,S96,DRIPc,Andres Aguilera,YMK612_S,hpr1,NT,34294712,rmap
GSM4849026,NA,RNH,DRIPc,Andres Aguilera,YMK612_S,hpr1,NT,34294712,rmap
GSM4849027,NA,S96,DRIPc,Andres Aguilera,YMK612_S,hpr1,NT,34294712,rmap
GSM4849028,NA,S96,DRIPc,Andres Aguilera,YMK612_S,sen1,NT,34294712,rmap
GSM4849029,NA,RNH,DRIPc,Andres Aguilera,YMK612_S,sen1,NT,34294712,rmap
GSM4849030,NA,S96,DRIPc,Andres Aguilera,YMK612_S,sen1,NT,34294712,rmap
GSM5238371,NA,S96,DRIPc,Andres Aguilera,YMK612_G1,WT,NT,34294712,rmap
GSM5238372,NA,S96,DRIPc,Andres Aguilera,YMK612_G1,hpr1,NT,34294712,rmap
SRX7582132,NA,DRNA,DRNA,Leila Kianmehr,Sperm,WT,6 month-old,34205454,rmap
SRX7582133,NA,DRNA,DRNA,Leila Kianmehr,Sperm,WT,14 month-old,34205454,rmap
SRX7582135,NA,NA,RNA-Seq,Leila Kianmehr,Sperm,WT,6 month-old,34205454,exp
SRX7582137,NA,NA,RNA-Seq,Leila Kianmehr,Sperm,WT,14 month-old,34205454,exp
SRX7582138,NA,NA,RNA-Seq,Leila Kianmehr,Sperm,WT,14 month-old,34205454,exp
SRX7582139,NA,DRNA,DRNA,Leila Kianmehr,Testis,WT,6 month-old,34205454,rmap
SRX7582140,NA,DRNA,DRNA,Leila Kianmehr,Testis,WT,6 month-old,34205454,rmap
SRX7582141,NA,DRNA,DRNA,Leila Kianmehr,Testis,WT,14 month-old,34205454,rmap
SRX7582131,NA,DRNA,DRNA,Leila Kianmehr,Sperm,WT,6 month-old,34205454,rmap
SRX7582134,NA,DRNA,DRNA,Leila Kianmehr,Sperm,WT,14 month-old,34205454,rmap
SRX7582136,NA,NA,RNA-Seq,Leila Kianmehr,Sperm,WT,6 month-old,34205454,exp
SRX7582142,NA,DRNA,DRNA,Leila Kianmehr,Testis,WT,14 month-old,34205454,rmap
SRX7582144,NA,DRNA,DRNA,Leila Kianmehr,Sperm,WT,NA,34205454,rmap
SRX7582145,NA,NA,RNA-Seq,Leila Kianmehr,Sperm,WT,NA,34205454,exp
SRX7582146,NA,NA,RNA-Seq,Leila Kianmehr,Sperm,WT,NA,34205454,exp
SRX7582143,NA,DRNA,DRNA,Leila Kianmehr,Sperm,WT,NA,34205454,rmap
SRX8776131,NA,S96,DRIPc,Andres Aguilera,K562,WT,siC,33986538,rmap
SRX8755309,NA,S96,DRIPc,Andres Aguilera,K562,WT,siC,33986538,rmap
SRX8755310,NA,S96,DRIPc,Andres Aguilera,K562,WT,SiBRG1,33986538,rmap
SRX8755311,NA,S96,RNA-Seq,Andres Aguilera,K562,WT,SiBRG1,33986538,exp
SRX8776130,NA,S96,DRIP,Andres Aguilera,K562,WT,SiBRG1,33986538,rmap
SRX8776132,NA,RNH,DRIP,Andres Aguilera,K562,WT,siC,33986538,rmap
GSM4023587,NA,S96,RNA-Seq,Andres Aguilera,K562,WT,siCTR,32439635,exp
GSM4023588,NA,S96,RNA-Seq,Andres Aguilera,K562,WT,siCTR,32439635,exp
GSM4567041,NA,"NA",RNA-Seq,Andres Aguilera,K562,WT,siUAP56,32439635,exp
GSM5133323,NA,pAMNase,MapR,Petra Beli,U2OS,WT,siCTR,NA,rmap
GSM5133324,NA,pAMNase,MapR,Petra Beli,U2OS,WT,siCTR,NA,rmap
GSM5133325,NA,pAMNase,MapR,Petra Beli,U2OS,WT,siCTR,NA,rmap
GSM5133326,NA,pAMNase,MapR,Petra Beli,U2OS,WT,siDDX41,NA,rmap
GSM5133327,NA,pAMNase,MapR,Petra Beli,U2OS,WT,siDDX41,NA,rmap
GSM5133328,NA,pAMNase,MapR,Petra Beli,U2OS,WT,siDDX41,NA,rmap
GSM5133329,NA,ActD,MapR,Petra Beli,U2OS,WT,ActD,NA,rmap
GSM5133330,NA,ActD,MapR,Petra Beli,U2OS,WT,ActD,NA,rmap
GSM5133331,NA,ActD,MapR,Petra Beli,U2OS,WT,ActD,NA,rmap
GSM5133332,GSM5133323,D210N,MapR,Petra Beli,U2OS,WT,siCTR,NA,rmap
GSM5133333,GSM5133324,D210N,MapR,Petra Beli,U2OS,WT,siCTR,NA,rmap
GSM5133334,GSM5133325,D210N,MapR,Petra Beli,U2OS,WT,siCTR,NA,rmap
GSM5133335,GSM5133326,D210N,MapR,Petra Beli,U2OS,WT,siDDX41,NA,rmap
GSM5133336,GSM5133327,D210N,MapR,Petra Beli,U2OS,WT,siDDX41,NA,rmap
GSM5133337,GSM5133328,D210N,MapR,Petra Beli,U2OS,WT,siDDX41,NA,rmap
GSM5133338,GSM5133329,ActD,MapR,Petra Beli,U2OS,WT,ActD,NA,rmap
GSM5133339,GSM5133330,ActD,MapR,Petra Beli,U2OS,WT,ActD,NA,rmap
GSM5133340,GSM5133331,ActD,MapR,Petra Beli,U2OS,WT,ActD,NA,rmap
GSM5133341,NA,NA,RNA-Seq,Petra Beli,U2OS,WT,siCTR,NA,exp
GSM5133342,NA,NA,RNA-Seq,Petra Beli,U2OS,WT,siCTR,NA,exp
GSM5133343,NA,NA,RNA-Seq,Petra Beli,U2OS,WT,siCTR,NA,exp
GSM5133344,NA,NA,RNA-Seq,Petra Beli,U2OS,WT,siCTR,NA,exp
GSM5133345,NA,NA,RNA-Seq,Petra Beli,U2OS,WT,siCTR,NA,exp
GSM5133346,NA,NA,RNA-Seq,Petra Beli,U2OS,WT,siDDX41,NA,exp
GSM5133347,NA,NA,RNA-Seq,Petra Beli,U2OS,WT,siDDX42,NA,exp
GSM5133348,NA,NA,RNA-Seq,Petra Beli,U2OS,WT,siDDX43,NA,exp
GSM5133349,NA,NA,RNA-Seq,Petra Beli,U2OS,WT,siDDX44,NA,exp
GSM5133350,NA,NA,RNA-Seq,Petra Beli,U2OS,WT,siDDX45,NA,exp
GSM5259796,NA,S96,RLCnT-S96,ELSASSER,mESCs,WT,NT,NA,rmap
GSM5259797,NA,S96,RLCnT-S96,ELSASSER,mESCs,WT,NT,NA,rmap
GSM1654607,NA,S96,DRIP,Rong Li,mMECs,WT,NT,NA,rmap
GSM1654608,NA,RNH,DRIP,Rong Li,mMECs,WT,NT,NA,rmap
GSM4801428,NA,S96,DRIPc,Vincent Vanoosthuyse,HeLa,WT,NT,33411340,rmap
GSM4801429,NA,S96,DRIPc,Vincent Vanoosthuyse,HeLa,WT,NT,33411340,rmap
GSM4801430,NA,S96,DRIPc,Vincent Vanoosthuyse,HeLa,WT,NT,33411340,rmap
GSM4801431,NA,RNH,DRIP,Vincent Vanoosthuyse,HeLa,WT,NT,33411340,rmap
GSM4801432,NA,S96,DRIP,Vincent Vanoosthuyse,HeLa,WT,NT,33411340,rmap
GSM4801433,NA,S96,DRIP,Vincent Vanoosthuyse,HeLa,WT,NT,33411340,rmap
GSM4801434,NA,S96,DRIPc,Vincent Vanoosthuyse,K562,WT,NT,33411340,rmap
GSM4801435,NA,S96,DRIPc,Vincent Vanoosthuyse,K562,WT,NT,33411340,rmap
GSM4801436,NA,S96,DRIPc,Vincent Vanoosthuyse,K562,WT,NT,33411340,rmap
SRX8961669,NA,IgG,RLCnT-HBD,Kaiwei Liang,HEK293,WT,NT,33597247,rmap
SRX8961670,NA,HBD,DRIPc,Kaiwei Liang,HEK293,WT,NT,33597247,rmap
SRX8961671,NA,HBD,RLCnT-HBD,Kaiwei Liang,HEK293,WT,NT,33597247,rmap
SRX8961672,NA,RNaseA,RLCnT-HBD,Kaiwei Liang,HEK293,WT,NT,33597247,rmap
SRX8961673,NA,HBD,RLCnT-HBD,Kaiwei Liang,HEK293,WT,NT,33597247,rmap
SRX8961674,NA,RNaseA,RLCnT-HBD,Kaiwei Liang,HEK293,WT,NT,33597247,rmap
SRX8961675,NA,Input,RLCnT-HBD,Kaiwei Liang,HEK293,WT,NT,33597247,rmap
SRX8961676,NA,Input-RNaseA,RLCnT-HBD,Kaiwei Liang,HEK293,WT,NT,33597247,rmap
SRX8961677,NA,S9.6,RLCnT-S96,Kaiwei Liang,HEK293,WT,NT,33597247,rmap
SRX8961678,NA,RNaseA,RLCnT-S96,Kaiwei Liang,HEK293,WT,NT,33597247,rmap
SRX8961679,NA,S9.6-t1,RLCnT-S96,Kaiwei Liang,HEK293,WT,NT,33597247,rmap
SRX8961680,NA,S9.6-t2,RLCnT-S96,Kaiwei Liang,HEK293,WT,NT,33597247,rmap
SRX8961681,NA,S9.6-t3,RLCnT-S96,Kaiwei Liang,HEK293,WT,NT,33597247,rmap
SRX8961682,NA,S9.6-t4,RLCnT-S96,Kaiwei Liang,HEK293,WT,NT,33597247,rmap
SRX8961683,NA,S9.6-t5,RLCnT-S96,Kaiwei Liang,HEK293,WT,NT,33597247,rmap
SRX8961684,NA,S9.6-t6,RLCnT-S96,Kaiwei Liang,HEK293,WT,NT,33597247,rmap
SRX8961685,NA,S9.6-t7,RLCnT-S96,Kaiwei Liang,HEK293,WT,NT,33597247,rmap
SRX8961686,NA,S9.6-t8,RLCnT-S96,Kaiwei Liang,HEK293,WT,NT,33597247,rmap
SRX8961687,NA,HBD,RLCnT-HBD,Kaiwei Liang,HEK293,WT,NT,33597247,rmap
SRX8961688,NA,RNaseA,RLCnT-HBD,Kaiwei Liang,HEK293,WT,NT,33597247,rmap
SRX8961689,NA,HBD,RLCnT-HBD,Kaiwei Liang,HEK293,WT,NT,33597247,rmap
SRX8961690,NA,RNaseA,RLCnT-HBD,Kaiwei Liang,HEK293,WT,NT,33597247,rmap
SRX8961691,NA,S9.6,RLCnT-S96,Kaiwei Liang,HEK293,WT,NT,33597247,rmap
SRX8961692,NA,RNaseA,RLCnT-S96,Kaiwei Liang,HEK293,WT,NT,33597247,rmap
SRX9417242,NA,HBD,RLCnT-HBD,Kaiwei Liang,HEK293,WT,NT,33597247,rmap
SRX9417230,NA,RNH,RLCnT-HBD,Kaiwei Liang,HEK293,WT,NT,33597247,rmap
SRX9417231,NA,S9.6,RLCnT-S96,Kaiwei Liang,HEK293,WT,NT,33597247,rmap
SRX9417232,NA,RNH,RLCnT-S96,Kaiwei Liang,HEK293,WT,NT,33597247,rmap
SRX9417235,NA,HBD,DRIPc,Kaiwei Liang,HEK293,WT,NT,33597247,rmap
SRX9417236,NA,S9.6,DRIPc,Kaiwei Liang,HEK293,WT,NT,33597247,rmap
SRX9417237,NA,Input,DRIP,Kaiwei Liang,HEK293,WT,NT,33597247,rmap
SRX9417238,SRX9417237,S9.6,DRIP,Kaiwei Liang,HEK293,WT,NT,33597247,rmap
SRX9417239,NA,Input,DRIP,Kaiwei Liang,HEK293,WT,NT,33597247,rmap
SRX9417240,SRX9417239,S9.6,DRIP,Kaiwei Liang,HEK293,WT,NT,33597247,rmap
GSM2991935,NA,Pos,DREAM,Anjana Rao,MCF7,WT,NT,NA,rmap
GSM2991936,NA,RNH,DREAM,Anjana Rao,MCF7,WT,NT,NA,rmap
SRX9411832,NA,RNHMNase,BisMapR,Kavitha Sarma,mESCs,WT,NT,33620319,rmap
SRX9411833,NA,RNHMNase,BisMapR,Kavitha Sarma,mESCs,WT,NT,33620319,rmap
SRX9411834,NA,RNHMNase,MapR,Kavitha Sarma,mESCs,WT,NT,33620319,rmap
SRX9411835,NA,RNHMNase,MapR,Kavitha Sarma,mESCs,WT,NT,33620319,rmap
SRX9411836,NA,RNHMNase,BisMapR,Kavitha Sarma,mESCs,WT,NT,33620319,rmap
SRX9411837,NA,pAMNase,MapR,Kavitha Sarma,mESCs,WT,NT,33620319,rmap
SRX9933745,NA,RNHdMNase,MapR,Kavitha Sarma,mESCs,WT,NT,33620319,rmap
GSM2797360,NA,Pos,DREAM,Anjana Rao,B-Cell,WT,LPS,NA,rmap
GSM2797361,NA,RNH,DREAM,Anjana Rao,B-Cell,WT,LPS,NA,rmap
GSM2797362,NA,Pos,DREAM,Anjana Rao,B-Cell,WT,LPS,NA,rmap
GSM2797363,NA,RNH,DREAM,Anjana Rao,B-Cell,WT,LPS,NA,rmap
GSM2797364,NA,Pos,DREAM,Anjana Rao,B-Cell,WT,LPS,NA,rmap
GSM2797365,NA,RNH,DREAM,Anjana Rao,B-Cell,WT,LPS,NA,rmap
GSM2797366,NA,Pos,DREAM,Anjana Rao,B-Cell,WT,NT,NA,rmap
GSM2797367,NA,RNH,DREAM,Anjana Rao,B-Cell,WT,NT,NA,rmap
GSM2797368,NA,Pos,DREAM,Anjana Rao,B-Cell,WT,NT,NA,rmap
GSM2797369,NA,RNH,DREAM,Anjana Rao,B-Cell,WT,NT,NA,rmap
GSM3521366,NA,NA,RNA-Seq,Craig Peterson,SC,WT anchor away,NT,31167142,exp
GSM3521367,NA,NA,RNA-Seq,Craig Peterson,SC,WT anchor away,NT,31167142,exp
GSM3521368,NA,NA,RNA-Seq,Craig Peterson,SC,hst4-delta HST3-FRB,NT,31167142,exp
GSM3521369,NA,NA,RNA-Seq,Craig Peterson,SC,hst4-delta HST3-FRB,NT,31167142,exp
GSM3521370,NA,NA,RNA-Seq,Craig Peterson,SC,RRP6-FRB,NT,31167142,exp
GSM3521371,NA,NA,RNA-Seq,Craig Peterson,SC,RRP6-FRB,NT,31167142,exp
GSM3521372,NA,NA,RNA-Seq,Craig Peterson,SC,hst4-delta HST3-FRB RRP6-FRB,NT,31167142,exp
GSM3521373,NA,NA,RNA-Seq,Craig Peterson,SC,hst4-delta HST3-FRB RRP6-FRB,NT,31167142,exp
GSM3521374,NA,S96,DRIP,Craig Peterson,SC,WT anchor away,NT,31167142,rmap
GSM3521375,NA,S96,DRIP,Craig Peterson,SC,WT anchor away,NT,31167142,rmap
GSM3521376,NA,RNH,DRIP,Craig Peterson,SC,WT anchor away,NT,31167142,rmap
GSM3521377,NA,RNH,DRIP,Craig Peterson,SC,WT anchor away,NT,31167142,rmap
GSM3521378,NA,S96,DRIP,Craig Peterson,SC,hst4-delta HST3-FRB,NT,31167142,rmap
GSM3521379,NA,S96,DRIP,Craig Peterson,SC,hst4-delta HST3-FRB,NT,31167142,rmap
GSM3521380,NA,RNH,DRIP,Craig Peterson,SC,hst4-delta HST3-FRB,NT,31167142,rmap
GSM3521381,NA,RNH,DRIP,Craig Peterson,SC,hst4-delta HST3-FRB,NT,31167142,rmap
GSM3443311,NA,S96,ssDRIP,Weiqiang Qian,Seedlings,WT,NT,31106272,rmap
GSM3443312,NA,S96,ssDRIP,Weiqiang Qian,Seedlings,alba1-1/alba2-1,NT,31106272,rmap
GSM3045537,NA,S96,dDRIP,Wenli Zhang,seedlings,WT,NT,31262943,rmap
GSM3045538,NA,S96,dDRIP,Wenli Zhang,seedlings,WT,NT,31262943,rmap
GSM3045539,NA,S96,dDRIP,Wenli Zhang,calli,WT,NT,31262943,rmap
GSM3045543,NA,RNH,dDRIP,Wenli Zhang,calli,WT,NT,31262943,rmap
GSM3640103,NA,NA,RNA-Seq,Wenli Zhang,seedlings,WT,NT,31262943,exp
GSM3045540,NA,S96,dDRIP,Wenli Zhang,calli,WT,NT,31262943,rmap
GSM3045541,NA,RNH,dDRIP,Wenli Zhang,seedlings,WT,NT,31262943,rmap
GSM3045542,NA,RNH,dDRIP,Wenli Zhang,seedlings,WT,NT,31262943,rmap
GSM3082827,GSM3082829,S96,DRIP,Julian Sale,DT40,WT,NT,30478192,rmap
GSM3082828,GSM3082829,S96,DRIP,Julian Sale,DT40,WT,NT,30478192,rmap
GSM3082829,NA,Input,DRIP,Julian Sale,DT40,WT,NT,30478192,rmap
GSM3082830,GSM3082832,S96,DRIP,Julian Sale,DT40,PRIMPOL,NT,30478192,rmap
GSM3082831,GSM3082832,S96,DRIP,Julian Sale,DT40,PRIMPOL,NT,30478192,rmap
GSM3082832,NA,Input,DRIP,Julian Sale,DT40,PRIMPOL,NT,30478192,rmap
GSM3082833,GSM3082829,RNH,DRIP,Julian Sale,DT40,WT,NT,30478192,rmap
GSM3082834,GSM3082832,RNH,DRIP,Julian Sale,DT40,PRIMPOL,NT,30478192,rmap
GSM3082824,NA,S96,RDIP,Julian Sale,iPSCs,WT,NT,30478192,rmap
GSM3082825,NA,S96,RDIP,Julian Sale,iPSCs,PRIMPOL,NT,30478192,rmap
GSM3082826,NA,RNH,RDIP,Julian Sale,iPSCs,WT,NT,30478192,rmap
GSM3109274,GSM3109275,S96,DRIP,Andres Aguilera,SC,WT,NT,29954833,rmap
GSM3109275,NA,Input,DRIP,Andres Aguilera,SC,WT,NT,29954833,rmap
GSM2699060,NA,NA,RNA-Seq,Fred Chedin,SP,WT,NT,NA,exp
GSM2699061,NA,NA,RNA-Seq,Fred Chedin,SP,WT,NT,NA,exp
GSM2699062,NA,NA,RNA-Seq,Fred Chedin,SP,WT,NT,NA,exp
GSM2699063,NA,NA,RNA-Seq,Fred Chedin,SP,rnh1delta rnh201delta,NT,NA,exp
GSM2699064,NA,NA,RNA-Seq,Fred Chedin,SP,rnh1delta rnh201delta,NT,NA,exp
GSM2699066,NA,NA,RNA-Seq,Fred Chedin,SP,E.coli rnhA o/e,NT,NA,exp
GSM2699067,NA,NA,RNA-Seq,Fred Chedin,SP,E.coli rnhA o/e,NT,NA,exp
GSM2699068,NA,NA,RNA-Seq,Fred Chedin,SP,E.coli rnhA o/e,NT,NA,exp
GSM2699069,NA,S96,DRIPc,Fred Chedin,SP,dis3-54,RNaseA,NA,rmap
GSM2699070,NA,S96,DRIPc,Fred Chedin,SP,WT,RNaseA,NA,rmap
GSM2699071,NA,S96,DRIPc,Fred Chedin,SP,WT,RNaseA,NA,rmap
GSM2699072,NA,S96,DRIPc,Fred Chedin,SP,E.coli rnhA o/e,RNaseA,NA,rmap
GSM2699073,NA,S96,DRIPc,Fred Chedin,SP,rnh1delta rnh201delta,RNaseA,NA,rmap
GSM2699074,NA,S96,DRIPc,Fred Chedin,SP,rnh1delta rnh201delta,RNaseA,NA,rmap
GSM2699075,NA,S96,DRIPc,Fred Chedin,SP,rrp6delta,RNaseA,NA,rmap
GSM2699076,NA,S96,DRIPc,Fred Chedin,SP,rrp6delta,RNaseA,NA,rmap
GSM2699077,NA,RNH,DRIPc,Fred Chedin,SP,WT,RNaseA-RNH,NA,rmap
GSM2699078,NA,RNH,DRIPc,Fred Chedin,SP,WT,RNaseA-RNH,NA,rmap
GSM2699079,NA,RNH,DRIPc,Fred Chedin,SP,E.coli rnhA o/e,RNaseA-RNH,NA,rmap
GSM2699080,NA,RNH,DRIPc,Fred Chedin,SP,rnh1delta rnh201delta,RNaseA-RNH,NA,rmap
GSM2699081,NA,RNH,DRIPc,Fred Chedin,SP,rnh1delta rnh201delta,RNaseA-RNH,NA,rmap
GSM2699082,NA,RNH,DRIPc,Fred Chedin,SP,rrp6delta,RNaseA-RNH,NA,rmap
GSM2699083,NA,RNH,DRIPc,Fred Chedin,SP,rrp6delta,RNaseA-RNH,NA,rmap
GSM2699084,NA,RNH,DRIPc,Fred Chedin,SP,WT,RNaseA-RNH,NA,rmap
GSM2699085,NA,RNH,DRIPc,Fred Chedin,SP,E.coli rnhA o/e,RNaseA-RNH,NA,rmap
GSM2699086,NA,RNH,DRIPc,Fred Chedin,SP,rnh1delta rnh201delta,RNaseA-RNH,NA,rmap
GSM2525600,GSM2643434,S96,DRIP,Qianwen Sun,seedlings,WT,NT,28848233,rmap
GSM2525601,GSM2643434,S96,DRIP,Qianwen Sun,seedlings,WT,NT,28848233,rmap
GSM2525602,GSM2643434,RNH,DRIP,Qianwen Sun,seedlings,WT,NT,28848233,rmap
GSM2525603,GSM2643434,RNH,DRIP,Qianwen Sun,seedlings,WT,NT,28848233,rmap
GSM2643434,NA,Input,DRIP,Qianwen Sun,seedlings,WT,NT,28848233,rmap
GSM2470607,NA,RNH,DRIP,Mario Halic,SP,WT,NT,28404620,rmap
GSM2470608,NA,S96,DRIP,Mario Halic,SP,WT,NT,28404620,rmap
GSM2470609,NA,RNH,DRIP,Mario Halic,SP,caf1Ddcr1D,NT,28404620,rmap
GSM2470610,NA,S96,DRIP,Mario Halic,SP,caf1Ddcr1D,NT,28404620,rmap
GSM2470611,NA,RNH,DRIP,Mario Halic,SP,WT,NT,28404620,rmap
GSM2470612,NA,S96,DRIP,Mario Halic,SP,WT,NT,28404620,rmap
GSM2470613,NA,RNH,DRIP,Mario Halic,SP,caf1Ddcr1D,NT,28404620,rmap
GSM2470614,NA,S96,DRIP,Mario Halic,SP,caf1Ddcr1D,NT,28404620,rmap
GSM4422786,NA,S96,ssDRIP,Qianwen Sun,Danio Embryo (256 stage),WT,NT,NA,rmap
GSM4422787,NA,S96,ssDRIP,Qianwen Sun,Danio Embryo (256 stage),WT,NT,NA,rmap
GSM4422788,NA,S96,ssDRIP,Qianwen Sun,Danio Embryo (Sphere stage),WT,NT,NA,rmap
GSM4422789,NA,S96,ssDRIP,Qianwen Sun,Danio Embryo (Sphere stage),WT,NT,NA,rmap
GSM4422790,NA,S96,ssDRIP,Qianwen Sun,Danio Embryo (Shield stage),WT,NT,NA,rmap
GSM4422791,NA,S96,ssDRIP,Qianwen Sun,Danio Embryo (Shield stage),WT,NT,NA,rmap
GSM4422792,NA,RNH,ssDRIP,Qianwen Sun,Danio Embryo (Shield stage),WT,NT,NA,rmap
GSM3214328,NA,S96,ssDRIP,Qianwen Sun,seedlings,WT,NT,NA,rmap
GSM3214329,NA,S96,ssDRIP,Qianwen Sun,seedlings,WT,NT,NA,rmap
GSM3214330,NA,S96,ssDRIP,Qianwen Sun,seedlings,WT,IR Light,32075864,rmap
GSM3214331,NA,S96,ssDRIP,Qianwen Sun,seedlings,WT,IR Light,32075864,rmap
GSM3214332,NA,S96,ssDRIP,Qianwen Sun,seedlings,WT,Blue Light,32075864,rmap
GSM3214333,NA,S96,ssDRIP,Qianwen Sun,seedlings,WT,Blue Light,32075864,rmap
GSM3214334,NA,S96,ssDRIP,Qianwen Sun,seedlings,WT,Red Light,32075864,rmap
GSM3214335,NA,S96,ssDRIP,Qianwen Sun,seedlings,WT,Red Light,32075864,rmap
GSM3214336,NA,S96,ssDRIP,Qianwen Sun,seedlings,WT,Short day light,32075864,rmap
GSM3214337,NA,S96,ssDRIP,Qianwen Sun,seedlings,WT,Short day light,32075864,rmap
GSM3214338,NA,S96,ssDRIP,Qianwen Sun,seedlings,WT,Whole day light,32075864,rmap
GSM3214339,NA,S96,ssDRIP,Qianwen Sun,seedlings,WT,Whole day light,32075864,rmap
GSM3214340,NA,S96,ssDRIP,Qianwen Sun,seedlings,WT,17c,32075864,rmap
GSM3214341,NA,S96,ssDRIP,Qianwen Sun,seedlings,WT,17c,32075864,rmap
GSM3214342,NA,S96,ssDRIP,Qianwen Sun,seedlings,WT,27c,32075864,rmap
GSM3214343,NA,S96,ssDRIP,Qianwen Sun,seedlings,WT,27c,32075864,rmap
GSM3214344,NA,S96,ssDRIP,Qianwen Sun,seedlings,WT,Long heat stress,32075864,rmap
GSM3214345,NA,S96,ssDRIP,Qianwen Sun,seedlings,WT,Long heat stress,32075864,rmap
GSM3214346,NA,S96,ssDRIP,Qianwen Sun,seedlings,WT,12h post heat stress,32075864,rmap
GSM3214347,NA,S96,ssDRIP,Qianwen Sun,seedlings,WT,12h post heat stress,32075864,rmap
GSM3214348,NA,S96,ssDRIP,Qianwen Sun,seedlings,WT,84h post heat stress,32075864,rmap
GSM3214349,NA,S96,ssDRIP,Qianwen Sun,seedlings,WT,84h post heat stress,32075864,rmap
GSM3214350,NA,S96,ssDRIP,Qianwen Sun,seedlings,WT,Short cold stress,32075864,rmap
GSM3214351,NA,S96,ssDRIP,Qianwen Sun,seedlings,WT,Short cold stress,32075864,rmap
GSM3214352,NA,S96,ssDRIP,Qianwen Sun,seedlings,WT,Short heat stress,32075864,rmap
GSM3214353,NA,S96,ssDRIP,Qianwen Sun,seedlings,WT,Short heat stress,32075864,rmap
GSM3214354,NA,S96,ssDRIP,Qianwen Sun,flower,WT,NT,32075864,rmap
GSM3214355,NA,S96,ssDRIP,Qianwen Sun,flower,WT,NT,32075864,rmap
GSM3214356,NA,S96,ssDRIP,Qianwen Sun,old leaf,WT,NT,32075864,rmap
GSM3214357,NA,S96,ssDRIP,Qianwen Sun,old leaf,WT,NT,32075864,rmap
GSM3214358,NA,S96,ssDRIP,Qianwen Sun,root,WT,NT,32075864,rmap
GSM3214359,NA,S96,ssDRIP,Qianwen Sun,root,WT,NT,32075864,rmap
GSM3214360,NA,S96,ssDRIP,Qianwen Sun,seedling leaf,WT,NT,32075864,rmap
GSM3214361,NA,S96,ssDRIP,Qianwen Sun,seedling leaf,WT,NT,32075864,rmap
GSM3214364,NA,S96,ssDRIP,Qianwen Sun,young leaf,WT,NT,32075864,rmap
GSM3214365,NA,S96,ssDRIP,Qianwen Sun,young leaf,WT,NT,32075864,rmap
GSM3214366,NA,S96,ssDRIP,Qianwen Sun,germination,WT,NT,32075864,rmap
GSM3214367,NA,S96,ssDRIP,Qianwen Sun,germination,WT,NT,32075864,rmap
GSM3214368,NA,S96,ssDRIP,Qianwen Sun,seedlings,WT,NT,32075864,rmap
GSM3214369,NA,S96,ssDRIP,Qianwen Sun,seedlings,WT,NT,32075864,rmap
GSM3214370,NA,S96,ssDRIP,Qianwen Sun,seedlings,WT,2h post SA exp,32075864,rmap
GSM3214371,NA,S96,ssDRIP,Qianwen Sun,seedlings,WT,2h post SA exp,32075864,rmap
GSM3214372,NA,S96,ssDRIP,Qianwen Sun,seedlings,WT,1h post UV IR,32075864,rmap
GSM3214373,NA,S96,ssDRIP,Qianwen Sun,seedlings,WT,1h post UV IR,32075864,rmap
GSM3214374,NA,RNH,ssDRIP,Qianwen Sun,seedlings,WT,NA,32075864,rmap
GSM3214376,NA,S96,ssDRIP,Qianwen Sun,seedlings,WT,ABA 4h,32075864,rmap
GSM3214377,NA,S96,ssDRIP,Qianwen Sun,seedlings,WT,ABA 4h,32075864,rmap
GSM3214378,NA,S96,ssDRIP,Qianwen Sun,seedlings,WT,EtOH 4h,32075864,rmap
GSM3214379,NA,S96,ssDRIP,Qianwen Sun,seedlings,WT,EtOH 4h,32075864,rmap
GSM3214380,NA,S96,ssDRIP,Qianwen Sun,seedlings,WT,Dark condition,32075864,rmap
GSM3214381,NA,S96,ssDRIP,Qianwen Sun,seedlings,WT,Dark condition,32075864,rmap
GSM3214382,NA,S96,ssDRIP,Qianwen Sun,seedlings,WT,Long cold stress,32075864,rmap
GSM3214383,NA,S96,ssDRIP,Qianwen Sun,seedlings,WT,Long cold stress,32075864,rmap
GSM4213949,NA,RNaseT1,sDRIP,Fred Chedin,NT2,WT,NT,33830170,rmap
GSM4213950,NA,RnaseIII,sDRIP,Fred Chedin,NT2,WT,NT,33830170,rmap
GSM4213951,NA,RnaseT1-III,sDRIP,Fred Chedin,NT2,WT,NT,33830170,rmap
GSM4213952,NA,RNaseT1,sDRIP,Fred Chedin,NT2,WT,NT,33830170,rmap
GSM4213953,NA,RNaseIII,sDRIP,Fred Chedin,NT2,WT,NT,33830170,rmap
GSM4213954,NA,RnaseT1-III,sDRIP,Fred Chedin,NT2,WT,NT,33830170,rmap
GSM4213955,NA,S96,sDRIP,Fred Chedin,NT2,WT,NT,33830170,rmap
GSM4213956,NA,RNaseT1,sDRIP,Fred Chedin,NT2,WT,NT,33830170,rmap
GSM4213957,NA,RnaseT1-III,sDRIP,Fred Chedin,NT2,WT,NT,33830170,rmap
GSM4213958,NA,S96,sDRIP,Fred Chedin,NT2,WT,NT,33830170,rmap
GSM4213959,NA,RNaseT1,sDRIP,Fred Chedin,NT2,WT,NT,33830170,rmap
GSM4213960,NA,RNaseIII,sDRIP,Fred Chedin,NT2,WT,NT,33830170,rmap
GSM4213961,NA,RnaseT1-III,sDRIP,Fred Chedin,NT2,WT,NT,33830170,rmap
GSM4213962,NA,S96,sDRIP,Fred Chedin,NT2,WT,NT,33830170,rmap
GSM4213963,NA,S96,sDRIP,Fred Chedin,NT2,WT,NT,33830170,rmap
GSM4213964,NA,RNH,sDRIP,Fred Chedin,NT2,WT,NT,33830170,rmap
GSM4213965,NA,S96,sDRIP,Fred Chedin,NT2,WT,NT,33830170,rmap
GSM4213966,NA,S96,sDRIP,Fred Chedin,NT2,WT,NT,33830170,rmap
GSM4525264,NA,S96,DRIPc,Andres Aguilera,K562,WT,siC,33634895,rmap
GSM4525265,NA,S96,DRIPc,Andres Aguilera,K562,WT,siDDX5,33634895,rmap
GSM4525266,NA,S96,DRIPc,Andres Aguilera,K562,WT,siC,33634895,rmap
GSM4525267,NA,S96,DRIPc,Andres Aguilera,K562,WT,siDDX5,33634895,rmap
GSM4676155,NA,S96,DRIPc,Andres Aguilera,K562,WT,siC,33634895,rmap
GSM4676156,NA,S96,DRIPc,Andres Aguilera,K562,WT,siBRG1,33634895,rmap
GSM4676157,NA,S96,DRIPc,Andres Aguilera,K562,WT,siBRG1,33634895,rmap
GSM4679344,NA,NA,RNA-Seq,Andres Aguilera,K562,WT,siBRG1,33634895,exp
GSM4679345,NA,S96,DRIP,Andres Aguilera,K562,WT,siC,33634895,rmap
GSM4679346,NA,RNH,DRIP,Andres Aguilera,K562,WT,siC,33634895,rmap
GSM4974435,NA,Input,DRIP,Todd Stukenberg,DLD1,WT,NT,31481798,rmap
GSM4974436,NA,Input,DRIP,Todd Stukenberg,DLD1,WT,NT,31481798,rmap
GSM4974437,GSM4974435,S96,DRIP,Todd Stukenberg,DLD1,WT,DMSO,31481798,rmap
GSM4974438,GSM4974436,S96,DRIP,Todd Stukenberg,DLD1,WT,DMSO,31481798,rmap
GSM4974439,GSM4974435,RNH,DRIP,Todd Stukenberg,DLD1,WT,DMSO,31481798,rmap
GSM4974440,GSM4974436,RNH,DRIP,Todd Stukenberg,DLD1,WT,DMSO,31481798,rmap
GSM4974441,GSM4974435,S96,DRIP,Todd Stukenberg,DLD1,WT,AZD,31481798,rmap
GSM4974442,GSM4974436,RNH,DRIP,Todd Stukenberg,DLD1,WT,AZD,31481798,rmap
GSM4974443,GSM4974435,S96,DRIP,Todd Stukenberg,DLD1,WT,ZM,31481798,rmap
GSM4974444,GSM4974436,RNH,DRIP,Todd Stukenberg,DLD1,WT,ZM,31481798,rmap
GSM4910678,GSM4910682,RNH,DRIP,Simon Boulton,MEFs,AD-CRE,Dox,33357438,rmap
GSM4910679,GSM4910683,S96,DRIP,Simon Boulton,MEFs,AD-CRE,NT,33357438,rmap
GSM4910680,GSM4910684,RNH,DRIP,Simon Boulton,MEFs,AD-GFP,Dox,33357438,rmap
GSM4910681,GSM4910685,S96,DRIP,Simon Boulton,MEFs,AD-GFP,NT,33357438,rmap
GSM4910682,NA,Input,DRIP,Simon Boulton,MEFs,AD-CRE,Dox,33357438,rmap
GSM4910683,NA,Input,DRIP,Simon Boulton,MEFs,AD-CRE,NT,33357438,rmap
GSM4910684,NA,Input,DRIP,Simon Boulton,MEFs,AD-GFP,Dox,33357438,rmap
GSM4910685,NA,Input,DRIP,Simon Boulton,MEFs,AD-GFP,NT,33357438,rmap
GSM4912693,NA,S96,DRIP,Yuliang Wu,HT1080,WT,NT,NA,rmap
GSM4912694,NA,RNH,DRIP,Yuliang Wu,HT1081,WT,NT,NA,rmap
GSM4912695,NA,S96,DRIP,Yuliang Wu,HT1082,hNABP2,NT,NA,rmap
GSM4912696,NA,RNH,DRIP,Yuliang Wu,HT1083,hNABP2,NT,NA,rmap
GSM4912697,NA,S96,DRIP,Yuliang Wu,HT1084,WT,NT,NA,rmap
GSM4912698,NA,RNH,DRIP,Yuliang Wu,HT1085,WT,NT,NA,rmap
GSM4912699,NA,S96,DRIP,Yuliang Wu,HT1086,hNABP2,NT,NA,rmap
GSM4912700,NA,RNH,DRIP,Yuliang Wu,HT1087,hNABP2,NT,NA,rmap
